month,Aakash Jain,Divya Menon,Farah Khan,Irfan Sheikh,Kavitha Reddy,Meenal Joshi,Neha Kulkarni,Rahul Mehta,Rohit Verma,Simran Kaur,Tarun Bose
1,6141447.0,10033548.0,5373582.0,6427688.0,5946224.0,5941138.0,6575183.0,12345304.0,5427649.0,8903194.0,9765501.0
2,5483600.0,7917600.0,5334690.0,5558176.0,6037315.0,5706040.0,5345062.0,12119722.0,5057394.0,9498637.0,8613046.0
3,7718055.0,10782376.0,6999562.0,6879453.0,7488278.0,7280097.0,7388190.0,15130289.0,6071635.0,11723318.0,10462856.0
4,6644851.0,10967575.0,6105870.0,5942037.0,6988185.0,6881070.0,6953488.0,13501331.0,5434592.0,11871357.0,10705373.0
5,6751148.0,9791968.0,5912322.0,5985140.0,6299606.0,5889872.0,6672884.0,12821204.0,4981925.0,9985866.0,10134576.0
6,3969076.0,5585276.0,3343091.0,3713747.0,3950224.0,3479049.0,3677718.0,7404356.0,3107065.0,6086438.0,6316231.0
7,3060239.0,4058255.0,2645594.0,2866374.0,3048212.0,2792706.0,3152402.0,5699012.0,2420648.0,4919140.0,4231914.0
8,5183974.0,7680068.0,5226935.0,4822748.0,4597122.0,4740158.0,5220909.0,10668499.0,4364981.0,9039649.0,8274421.0
9,8847639.0,11515850.0,7426272.0,7962389.0,7125270.0,7781944.0,8497897.0,16518214.0,7125706.0,13137820.0,12338012.0
10,14158283.0,19457938.0,12665914.0,13461331.0,12317580.0,11807660.0,12817732.0,25979371.0,11723010.0,21605670.0,19502432.0
11,11815576.0,16363230.0,10890508.0,10413504.0,10582201.0,10944622.0,10705662.0,22399613.0,10150818.0,18698173.0,17471502.0
12,6848074.0,10266653.0,5652386.0,5693777.0,5342114.0,5288661.0,6810829.0,12728970.0,5816162.0,10195787.0,10114442.0
