customer_id,customer_name,segment,orders,revenue,units,avg_order_value,avg_discount_pct,storage_share,kitchen_share,industrial_share,furniture_share
1,Sharma Hardware,Retail,16,502775,1005,31423,1.43,0.656,0.31,0.0,0.034
2,Patel Kitchenware,Retail,7,174148,395,24878,2.55,0.414,0.492,0.0,0.094
3,Green Leaf Hotels,Hospitality,17,331389,1005,19493,2.17,0.386,0.614,0.0,0.0
4,Coastal Foods,Wholesale,12,323631,480,26969,9.81,0.481,0.0,0.519,0.0
5,Metro Mart,Retail,16,329298,740,20581,2.25,0.726,0.274,0.0,0.0
6,Sunrise Caterers,Hospitality,4,47674,140,11918,1.55,0.302,0.698,0.0,0.0
7,Northgate Distributors,Wholesale,13,353088,650,27161,8.23,0.688,0.0,0.312,0.0
8,Blue Bay Cafe,Hospitality,4,46208,140,11552,2.0,0.45,0.55,0.0,0.0
9,Lakeview Resorts,Hospitality,4,61972,250,15493,3.77,0.342,0.658,0.0,0.0
10,City Needs Store,Retail,2,55650,90,27825,3.89,1.0,0.0,0.0,0.0
11,Harbour Traders,Wholesale,10,412680,575,41268,8.84,0.463,0.0,0.537,0.0
12,Fresh Bowl Kitchens,Hospitality,12,296876,950,24740,1.84,0.513,0.487,0.0,0.0
13,Om Sai Provisions,Retail,4,66399,195,16600,0.38,0.597,0.403,0.0,0.0
14,Deccan Packaging,Wholesale,11,299010,455,27183,8.7,0.377,0.0,0.623,0.0
15,Spice Route Restaurants,Hospitality,10,167776,440,16778,3.29,0.305,0.695,0.0,0.0
17,Royal Banquets,Hospitality,3,54366,160,18122,0.66,0.67,0.33,0.0,0.0
18,Evergreen Mart,Retail,8,198278,430,24785,1.5,0.721,0.279,0.0,0.0
19,Western Logistics,Wholesale,7,248728,430,35532,8.1,0.56,0.0,0.44,0.0
20,Tasty Tiffins,Hospitality,2,44850,165,22425,0.0,0.096,0.904,0.0,0.0
21,Kitchen Kraft,Retail,4,127978,290,31994,0.25,0.423,0.577,0.0,0.0
22,Festive Gifts Co,Retail,2,34250,135,17125,0.0,0.377,0.623,0.0,0.0
23,Sea Breeze Hotel,Hospitality,3,92928,205,30976,1.79,0.18,0.82,0.0,0.0
24,Prime Wholesale,Wholesale,2,65522,150,32761,8.23,1.0,0.0,0.0,0.0
