lead_id,company_name,source,won
1,Anand Stores,Referral,0
2,Bright Kitchens,Website,0
5,Cafe Mocha Lane,Website,0
6,Delta Hospitality,Cold call,0
7,Elite Mart,Referral,1
8,Fortune Foods,Website,0
11,Garnet Hotels,IndiaMART listing,0
12,Hilltop Resorts,Cold call,1
13,Indigo Caterers,Referral,1
14,Jasmine Retail,Website,0
16,Kaveri Distributors,Website,0
17,Lotus Banquets,Trade fair,0
18,Mango Tree Cafe,Website,0
19,Nova Supermart,Website,0
22,Orchid Hotels,IndiaMART listing,0
23,Pearl Packaging,Cold call,1
24,Quick Bite Foods,Website,0
25,Ruby Traders,Website,1
28,Saffron Kitchens,Trade fair,0
29,Tulip Mart,Referral,0
30,Urban Pantry,Website,0
31,Vista Resorts,Website,0
33,Willow Cafe,Trade fair,0
34,Xpress Wholesale,Trade fair,0
35,Yellow Chilli Diner,Website,0
36,Zenith Supplies,Website,0
39,Aroma Bakers,IndiaMART listing,1
40,Bharat Provisions,Trade fair,0
41,Crown Hotels,Referral,0
42,Daily Fresh Mart,Website,0
