order_id,customer_id,order_date,order_value
10001,2,2025-01-02,2900.0
10002,3,2025-01-05,20900.0
10003,5,2025-01-12,45712.5
10004,5,2025-01-13,27887.5
10005,3,2025-01-20,6127.5
10006,4,2025-01-21,17812.5
10007,1,2025-01-24,40150.0
10008,1,2025-01-26,41150.0
10009,10,2025-02-02,34275.0
10010,1,2025-02-05,31450.0
10011,3,2025-02-16,30415.0
10012,4,2025-02-16,60300.0
10013,7,2025-02-17,20259.0
10014,7,2025-02-17,17250.0
10015,6,2025-02-20,5800.0
10016,12,2025-02-20,24912.5
10017,5,2025-02-25,14440.0
10018,1,2025-02-28,14562.5
10019,3,2025-03-04,17235.0
10020,4,2025-03-10,47527.5
10021,5,2025-03-18,9300.0
10022,1,2025-03-21,39450.0
10023,8,2025-03-21,2900.0
10024,7,2025-03-22,27795.0
10025,10,2025-03-22,21375.0
10026,12,2025-03-26,40750.0
10027,13,2025-03-27,11600.0
10028,1,2025-03-28,24937.5
10029,2,2025-03-28,35137.5
10030,5,2025-04-08,12635.0
10031,11,2025-04-09,5934.0
10032,2,2025-04-11,19825.0
10033,3,2025-04-11,13110.0
10035,3,2025-04-14,10212.5
10036,12,2025-04-15,34995.0
10037,5,2025-04-20,27615.0
10038,6,2025-04-21,19000.0
10039,1,2025-04-22,32387.5
10040,4,2025-04-23,6887.5
10041,12,2025-04-23,20555.0
10042,7,2025-04-25,7125.0
10043,2,2025-05-04,23650.0
10044,4,2025-05-04,51310.0
10045,13,2025-05-04,22775.0
10046,14,2025-05-06,5805.0
10047,1,2025-05-07,17250.0
10048,5,2025-05-08,8000.0
10049,7,2025-05-13,22335.0
10050,7,2025-05-15,36607.5
10051,12,2025-05-16,21050.0
10052,3,2025-05-20,28600.0
10053,3,2025-05-20,21945.0
10054,6,2025-05-21,12635.0
10055,8,2025-05-21,2300.0
10056,9,2025-05-22,10996.25
10057,11,2025-05-27,44100.0
10058,12,2025-06-01,19787.5
10059,1,2025-06-04,3750.0
10060,4,2025-06-06,8265.0
10061,15,2025-06-09,1377.5
10062,2,2025-06-10,14155.0
10063,6,2025-06-10,10238.75
10064,11,2025-06-10,22523.5
10065,15,2025-06-10,2042.5
10066,7,2025-06-13,30602.0
10067,13,2025-06-14,9981.25
10068,5,2025-06-18,6450.0
10069,3,2025-06-24,23325.0
10070,14,2025-06-28,34430.0
10071,15,2025-07-03,34512.5
10072,3,2025-07-07,13300.0
10073,5,2025-07-10,12355.0
10074,8,2025-07-15,16900.0
10075,12,2025-07-15,22805.0
10076,15,2025-07-20,6746.25
10077,5,2025-07-21,8170.0
10078,18,2025-07-21,10687.5
10079,13,2025-07-22,22042.5
10080,14,2025-07-25,11463.5
10081,1,2025-07-26,15285.0
10082,4,2025-07-26,37662.5
10083,11,2025-07-26,20762.5
10084,3,2025-08-03,25640.0
10085,18,2025-08-04,25070.0
10086,5,2025-08-11,22450.0
10087,14,2025-08-11,44570.0
10088,1,2025-08-12,18897.5
10089,18,2025-08-13,24820.0
10090,2,2025-08-14,38610.0
10091,15,2025-08-15,19000.0
10092,19,2025-08-15,33487.5
10093,14,2025-08-19,14168.0
10094,12,2025-08-23,17200.0
10095,11,2025-08-24,29559.0
10096,4,2025-08-26,6600.0
10097,7,2025-08-27,9210.0
10098,18,2025-09-02,20100.0
10099,19,2025-09-02,58920.0
10100,21,2025-09-03,33627.5
10101,14,2025-09-07,50334.0
10102,17,2025-09-09,13585.0
10103,4,2025-09-11,13800.0
10104,12,2025-09-11,27558.75
10105,20,2025-09-12,39100.0
10106,11,2025-09-13,48165.0
10107,14,2025-09-13,60570.0
10108,22,2025-09-15,26200.0
10109,9,2025-09-18,15850.0
10110,1,2025-09-21,30725.0
10111,3,2025-09-22,12900.0
10112,3,2025-09-22,34580.0
10113,5,2025-09-23,24932.5
10114,7,2025-09-24,39767.0
10115,15,2025-09-28,7600.0
10116,5,2025-10-02,57050.0
10117,21,2025-10-02,35950.0
10118,3,2025-10-03,41500.0
10119,12,2025-10-03,57380.0
10120,3,2025-10-05,10400.0
10121,23,2025-10-06,32252.5
10122,19,2025-10-07,45465.0
10123,15,2025-10-08,10565.0
10124,18,2025-10-08,56100.0
10125,14,2025-10-12,15136.0
10126,11,2025-10-13,100278.0
10127,5,2025-10-14,28500.0
10128,9,2025-10-15,32371.25
10129,18,2025-10-15,8600.0
10130,7,2025-10-18,13500.0
10132,1,2025-10-20,27950.0
10133,1,2025-10-25,68875.0
10134,20,2025-10-26,5750.0
10135,4,2025-10-27,20108.0
10136,19,2025-10-27,13340.0
10137,12,2025-11-04,4132.5
10138,3,2025-11-05,17588.75
10139,11,2025-11-06,48376.0
10140,2,2025-11-09,39870.0
10141,8,2025-11-09,24107.5
10142,15,2025-11-09,51870.0
10143,7,2025-11-11,53012.0
10144,14,2025-11-12,12507.5
10145,21,2025-11-12,21650.0
10146,1,2025-11-16,82250.0
10147,19,2025-11-16,50895.0
10148,19,2025-11-16,42750.0
10149,4,2025-11-18,49530.0
10150,22,2025-11-19,8050.0
10151,11,2025-11-22,74217.5
10152,14,2025-11-22,12397.5
10153,17,2025-11-23,2731.25
10154,15,2025-11-25,10212.5
10155,3,2025-11-26,3610.0
10156,5,2025-11-26,6450.0
10157,18,2025-11-28,17200.0
10158,23,2025-12-01,25375.0
10159,24,2025-12-01,46486.5
10160,7,2025-12-04,9808.5
10161,1,2025-12-05,13705.0
10162,7,2025-12-08,65817.5
10163,4,2025-12-10,3828.0
10164,19,2025-12-10,3870.0
10165,24,2025-12-12,19035.0
10166,23,2025-12-13,35300.0
10167,11,2025-12-14,18765.0
10168,5,2025-12-16,17350.0
10169,18,2025-12-16,35700.0
10170,21,2025-12-16,36750.0
10171,14,2025-12-17,37628.0
10172,15,2025-12-18,23850.0
10173,12,2025-12-19,5750.0
10174,9,2025-12-21,2755.0
10175,17,2025-12-23,38050.0
