item,amount_rs
"Riverstone platform, annual cost (Ch 65)",456168.0
"Daily Flash time saved, annual value (Ch 20)",97500.0
"Branch macro time saved, annual value (Ch 19, conservative)",5775.0
"PO-intake assisted-mode saving vs. fully manual, annual (Ch 58)",100500.0
"Quantified savings, two automations only (incomplete case)",103275.0
"Quantified savings, three known automations (still incomplete)",203775.0
"Platform pays for itself, two automations only (x)",0.23
"Platform pays for itself, three known automations (x)",0.45
"Proposed new hire: data governance / catalog owner, annual salary",900000.0
