month,net_revenue,orders,customers,aov
2025-01,85195520.5,3652,2844,23328.46
2025-02,78582579.0,3559,2783,22079.96
2025-03,101009066.25,3790,2908,26651.47
2025-04,95194709.25,3684,2895,25840.04
2025-05,87249567.5,3658,2885,23851.71
2025-06,51972482.75,3240,2723,16040.89
2025-07,40028093.25,3018,2573,13263.12
2025-08,71835346.0,3622,2892,19833.06
2025-09,111701478.75,4356,3372,25643.13
2025-10,180620102.75,4974,3589,36312.85
2025-11,155985901.5,4756,3525,32797.71
2025-12,87266803.75,4047,3240,21563.33
