duplicate_customer_id,original_customer_id
4980,1746
4981,1513
4982,1620
4983,1006
4984,1311
4985,2606
4986,528
4987,3660
4988,3080
4989,3276
4990,3585
4991,4245
4992,2430
4993,4301
4994,894
4995,1921
4996,4090
4997,913
4998,1227
4999,4267
5000,3758
5001,834
5002,1518
5003,542
5004,81
5005,3531
5006,1045
5007,401
5008,2635
5009,1029
5010,2278
5011,2250
5012,3003
5013,4337
5014,1913
5015,3938
5016,2709
5017,1366
5018,115
5019,2549
5020,2153
5021,1305
5022,4058
5023,3874
5024,3554
5025,2628
5026,1848
5027,1856
