lead_id,stage,entered_at
1,New,2025-04-07 15:20:00
1,Contacted,2025-04-13 19:20:00
2,New,2025-06-12 14:20:00
2,Contacted,2025-06-22 18:20:00
2,Quoted,2025-06-29 19:20:00
3,New,2025-06-12 15:05:00
4,New,2025-06-12 17:20:00
5,New,2025-01-02 16:50:00
6,New,2025-04-25 15:35:00
6,Contacted,2025-05-07 16:35:00
6,Quoted,2025-05-12 21:35:00
6,Lost,2025-05-27 21:35:00
7,New,2025-06-17 17:50:00
7,Contacted,2025-07-02 19:50:00
7,Quoted,2025-07-08 19:50:00
7,Won,2025-07-23 23:50:00
8,New,2025-03-10 17:35:00
8,Contacted,2025-03-18 18:35:00
9,New,2025-03-10 17:42:00
10,New,2025-03-10 20:35:00
11,New,2025-06-16 11:35:00
11,Contacted,2025-06-25 13:35:00
11,Quoted,2025-07-07 15:35:00
12,New,2025-11-02 09:50:00
12,Contacted,2025-11-17 10:50:00
12,Quoted,2025-11-21 13:50:00
12,Won,2025-12-04 19:50:00
13,New,2025-04-03 11:05:00
13,Contacted,2025-04-17 14:05:00
13,Quoted,2025-04-26 14:05:00
13,Won,2025-04-29 18:05:00
14,New,2025-11-09 11:20:00
15,New,2025-11-09 12:05:00
16,New,2025-09-02 13:20:00
16,Contacted,2025-09-05 13:20:00
17,New,2025-01-05 13:50:00
18,New,2025-10-16 09:50:00
18,Contacted,2025-10-29 12:50:00
19,New,2025-01-14 10:20:00
20,New,2025-01-14 10:27:00
21,New,2025-01-14 10:27:00
22,New,2025-11-14 18:50:00
22,Contacted,2025-11-26 19:50:00
22,Quoted,2025-12-04 19:50:00
23,New,2025-07-04 09:35:00
23,Contacted,2025-07-10 10:35:00
23,Quoted,2025-07-12 10:35:00
23,Won,2025-07-26 14:35:00
24,New,2025-03-23 18:35:00
24,Contacted,2025-04-05 19:35:00
25,New,2025-09-13 12:20:00
25,Contacted,2025-09-18 14:20:00
25,Quoted,2025-09-22 16:20:00
25,Won,2025-09-29 20:20:00
26,New,2025-09-13 15:20:00
27,New,2025-09-13 13:05:00
28,New,2025-02-22 15:05:00
29,New,2025-09-23 16:35:00
30,New,2025-08-24 15:05:00
30,Contacted,2025-09-05 19:05:00
30,Quoted,2025-09-08 21:05:00
30,Lost,2025-09-14 00:05:00
31,New,2025-04-02 15:35:00
32,New,2025-04-02 15:42:00
33,New,2025-01-23 09:50:00
33,Contacted,2025-02-07 10:50:00
34,New,2025-03-09 15:50:00
34,Contacted,2025-03-11 16:50:00
34,Quoted,2025-03-17 20:50:00
35,New,2025-02-26 09:35:00
35,Contacted,2025-03-13 10:35:00
35,Quoted,2025-03-22 14:35:00
35,Lost,2025-04-06 18:35:00
36,New,2025-05-06 17:20:00
37,New,2025-05-06 17:22:00
38,New,2025-05-06 18:05:00
39,New,2025-10-04 14:50:00
39,Contacted,2025-10-08 18:50:00
39,Quoted,2025-10-13 18:50:00
39,Won,2025-10-25 18:50:00
40,New,2025-02-23 11:20:00
40,Contacted,2025-03-09 12:20:00
40,Quoted,2025-03-20 16:20:00
40,Lost,2025-04-03 22:20:00
41,New,2025-01-06 09:35:00
41,Contacted,2025-01-11 09:35:00
42,New,2025-11-25 10:05:00
42,Contacted,2025-11-28 16:05:00
43,New,2025-11-25 10:50:00
