category,month,units
Furniture,2019-01-01,13623
Furniture,2019-02-01,13302
Furniture,2019-03-01,15423
Furniture,2019-04-01,21142
Furniture,2019-05-01,21119
Furniture,2019-06-01,17369
Furniture,2019-07-01,18124
Furniture,2019-08-01,16317
Furniture,2019-09-01,19030
Furniture,2019-10-01,24915
Furniture,2019-11-01,19272
Furniture,2019-12-01,18133
Furniture,2020-01-01,20793
Furniture,2020-02-01,17395
Furniture,2020-03-01,14160
Furniture,2020-04-01,11883
Furniture,2020-05-01,12640
Furniture,2020-06-01,11125
Furniture,2020-07-01,15277
Furniture,2020-08-01,17330
Furniture,2020-09-01,16977
Furniture,2020-10-01,18105
Furniture,2020-11-01,23068
Furniture,2020-12-01,19046
Furniture,2021-01-01,18253
Furniture,2021-02-01,20428
Furniture,2021-03-01,21687
Furniture,2021-04-01,20769
Furniture,2021-05-01,23662
Furniture,2021-06-01,18961
Furniture,2021-07-01,21015
Furniture,2021-08-01,21423
Furniture,2021-09-01,19681
Furniture,2021-10-01,21876
Furniture,2021-11-01,22171
Furniture,2021-12-01,24476
Furniture,2022-01-01,21940
Furniture,2022-02-01,20330
Furniture,2022-03-01,23753
Furniture,2022-04-01,24056
Furniture,2022-05-01,25109
Furniture,2022-06-01,23976
Furniture,2022-07-01,23513
Furniture,2022-08-01,25994
Furniture,2022-09-01,25099
Furniture,2022-10-01,24202
Furniture,2022-11-01,23844
Furniture,2022-12-01,24599
Furniture,2023-01-01,25035
Furniture,2023-02-01,27308
Furniture,2023-03-01,31001
Furniture,2023-04-01,35271
Furniture,2023-05-01,37514
Furniture,2023-06-01,26823
Furniture,2023-07-01,29432
Furniture,2023-08-01,24585
Furniture,2023-09-01,25393
Furniture,2023-10-01,28193
Furniture,2023-11-01,29885
Furniture,2023-12-01,29347
Furniture,2024-01-01,31033
Furniture,2024-02-01,28052
Furniture,2024-03-01,29354
Furniture,2024-04-01,28657
Furniture,2024-05-01,31649
Furniture,2024-06-01,25835
Furniture,2024-07-01,24644
Furniture,2024-08-01,27960
Furniture,2024-09-01,25019
Furniture,2024-10-01,32406
Furniture,2024-11-01,29337
Furniture,2024-12-01,32788
Furniture,2025-01-01,32773
Furniture,2025-02-01,28497
Furniture,2025-03-01,30491
Furniture,2025-04-01,37298
Furniture,2025-05-01,35103
Furniture,2025-06-01,29921
Furniture,2025-07-01,36766
Furniture,2025-08-01,34795
Furniture,2025-09-01,32072
Furniture,2025-10-01,32362
Furniture,2025-11-01,43537
Furniture,2025-12-01,38269
Industrial,2019-01-01,24511
Industrial,2019-02-01,26610
Industrial,2019-03-01,25745
Industrial,2019-04-01,27924
Industrial,2019-05-01,28880
Industrial,2019-06-01,28066
Industrial,2019-07-01,24630
Industrial,2019-08-01,30333
Industrial,2019-09-01,28631
Industrial,2019-10-01,27370
Industrial,2019-11-01,27445
Industrial,2019-12-01,27505
Industrial,2020-01-01,28163
Industrial,2020-02-01,24141
Industrial,2020-03-01,26533
Industrial,2020-04-01,15709
Industrial,2020-05-01,14895
Industrial,2020-06-01,15985
Industrial,2020-07-01,22582
Industrial,2020-08-01,25880
Industrial,2020-09-01,22179
Industrial,2020-10-01,25761
Industrial,2020-11-01,27811
Industrial,2020-12-01,25525
Industrial,2021-01-01,21905
Industrial,2021-02-01,22243
Industrial,2021-03-01,26310
Industrial,2021-04-01,28027
Industrial,2021-05-01,24965
Industrial,2021-06-01,27267
Industrial,2021-07-01,26728
Industrial,2021-08-01,27652
Industrial,2021-09-01,30943
Industrial,2021-10-01,28461
Industrial,2021-11-01,28093
Industrial,2021-12-01,30431
Industrial,2022-01-01,26844
Industrial,2022-02-01,26975
Industrial,2022-03-01,30336
Industrial,2022-04-01,29657
Industrial,2022-05-01,30761
Industrial,2022-06-01,29464
Industrial,2022-07-01,34425
Industrial,2022-08-01,31068
Industrial,2022-09-01,29041
Industrial,2022-10-01,36370
Industrial,2022-11-01,31615
Industrial,2022-12-01,35956
Industrial,2023-01-01,34090
Industrial,2023-02-01,28168
Industrial,2023-03-01,32897
Industrial,2023-04-01,31344
Industrial,2023-05-01,30067
Industrial,2023-06-01,31812
Industrial,2023-07-01,33722
Industrial,2023-08-01,35864
Industrial,2023-09-01,34277
Industrial,2023-10-01,40445
Industrial,2023-11-01,34311
Industrial,2023-12-01,34192
Industrial,2024-01-01,32622
Industrial,2024-02-01,28989
Industrial,2024-03-01,30756
Industrial,2024-04-01,32783
Industrial,2024-05-01,35555
Industrial,2024-06-01,35669
Industrial,2024-07-01,33188
Industrial,2024-08-01,29438
Industrial,2024-09-01,32699
Industrial,2024-10-01,35664
Industrial,2024-11-01,30145
Industrial,2024-12-01,34481
Industrial,2025-01-01,32262
Industrial,2025-02-01,34912
Industrial,2025-03-01,32643
Industrial,2025-04-01,34502
Industrial,2025-05-01,35558
Industrial,2025-06-01,32461
Industrial,2025-07-01,33417
Industrial,2025-08-01,32877
Industrial,2025-09-01,34391
Industrial,2025-10-01,33232
Industrial,2025-11-01,30928
Industrial,2025-12-01,33511
Kitchen,2019-01-01,39855
Kitchen,2019-02-01,48135
Kitchen,2019-03-01,45639
Kitchen,2019-04-01,45146
Kitchen,2019-05-01,51562
Kitchen,2019-06-01,45282
Kitchen,2019-07-01,51658
Kitchen,2019-08-01,55312
Kitchen,2019-09-01,55935
Kitchen,2019-10-01,90053
Kitchen,2019-11-01,71034
Kitchen,2019-12-01,56994
Kitchen,2020-01-01,58098
Kitchen,2020-02-01,57072
Kitchen,2020-03-01,49060
Kitchen,2020-04-01,28707
Kitchen,2020-05-01,27240
Kitchen,2020-06-01,27578
Kitchen,2020-07-01,43458
Kitchen,2020-08-01,51520
Kitchen,2020-09-01,50957
Kitchen,2020-10-01,86348
Kitchen,2020-11-01,72382
Kitchen,2020-12-01,59232
Kitchen,2021-01-01,53458
Kitchen,2021-02-01,50044
Kitchen,2021-03-01,55179
Kitchen,2021-04-01,51946
Kitchen,2021-05-01,52662
Kitchen,2021-06-01,48574
Kitchen,2021-07-01,63974
Kitchen,2021-08-01,61169
Kitchen,2021-09-01,67643
Kitchen,2021-10-01,81183
Kitchen,2021-11-01,73948
Kitchen,2021-12-01,69098
Kitchen,2022-01-01,59321
Kitchen,2022-02-01,52017
Kitchen,2022-03-01,65317
Kitchen,2022-04-01,59376
Kitchen,2022-05-01,55939
Kitchen,2022-06-01,63976
Kitchen,2022-07-01,64168
Kitchen,2022-08-01,62067
Kitchen,2022-09-01,71543
Kitchen,2022-10-01,94985
Kitchen,2022-11-01,95552
Kitchen,2022-12-01,70339
Kitchen,2023-01-01,66556
Kitchen,2023-02-01,59686
Kitchen,2023-03-01,74379
Kitchen,2023-04-01,70026
Kitchen,2023-05-01,72033
Kitchen,2023-06-01,65269
Kitchen,2023-07-01,73508
Kitchen,2023-08-01,69320
Kitchen,2023-09-01,74574
Kitchen,2023-10-01,113476
Kitchen,2023-11-01,110934
Kitchen,2023-12-01,82846
Kitchen,2024-01-01,71958
Kitchen,2024-02-01,71952
Kitchen,2024-03-01,71789
Kitchen,2024-04-01,71550
Kitchen,2024-05-01,79729
Kitchen,2024-06-01,73071
Kitchen,2024-07-01,78656
Kitchen,2024-08-01,81128
Kitchen,2024-09-01,86644
Kitchen,2024-10-01,101587
Kitchen,2024-11-01,101361
Kitchen,2024-12-01,72627
Kitchen,2025-01-01,75641
Kitchen,2025-02-01,69282
Kitchen,2025-03-01,80091
Kitchen,2025-04-01,77281
Kitchen,2025-05-01,78092
Kitchen,2025-06-01,76488
Kitchen,2025-07-01,74926
Kitchen,2025-08-01,89284
Kitchen,2025-09-01,95268
Kitchen,2025-10-01,120463
Kitchen,2025-11-01,125660
Kitchen,2025-12-01,88926
Storage,2019-01-01,30996
Storage,2019-02-01,36757
Storage,2019-03-01,37583
Storage,2019-04-01,35777
Storage,2019-05-01,36369
Storage,2019-06-01,34327
Storage,2019-07-01,44520
Storage,2019-08-01,44459
Storage,2019-09-01,45035
Storage,2019-10-01,58102
Storage,2019-11-01,52423
Storage,2019-12-01,42508
Storage,2020-01-01,38511
Storage,2020-02-01,37237
Storage,2020-03-01,36118
Storage,2020-04-01,20218
Storage,2020-05-01,19858
Storage,2020-06-01,23442
Storage,2020-07-01,35952
Storage,2020-08-01,37428
Storage,2020-09-01,36770
Storage,2020-10-01,56475
Storage,2020-11-01,49832
Storage,2020-12-01,48667
Storage,2021-01-01,45529
Storage,2021-02-01,41773
Storage,2021-03-01,41002
Storage,2021-04-01,41310
Storage,2021-05-01,39799
Storage,2021-06-01,41331
Storage,2021-07-01,42789
Storage,2021-08-01,42948
Storage,2021-09-01,49664
Storage,2021-10-01,57132
Storage,2021-11-01,59679
Storage,2021-12-01,48908
Storage,2022-01-01,45938
Storage,2022-02-01,37225
Storage,2022-03-01,41255
Storage,2022-04-01,46025
Storage,2022-05-01,46328
Storage,2022-06-01,51244
Storage,2022-07-01,54137
Storage,2022-08-01,47697
Storage,2022-09-01,51326
Storage,2022-10-01,61440
Storage,2022-11-01,61237
Storage,2022-12-01,53388
Storage,2023-01-01,56955
Storage,2023-02-01,49636
Storage,2023-03-01,50871
Storage,2023-04-01,45368
Storage,2023-05-01,48931
Storage,2023-06-01,51614
Storage,2023-07-01,54716
Storage,2023-08-01,50646
Storage,2023-09-01,57558
Storage,2023-10-01,69805
Storage,2023-11-01,60088
Storage,2023-12-01,57208
Storage,2024-01-01,56116
Storage,2024-02-01,54547
Storage,2024-03-01,52427
Storage,2024-04-01,43226
Storage,2024-05-01,50238
Storage,2024-06-01,49702
Storage,2024-07-01,54807
Storage,2024-08-01,54496
Storage,2024-09-01,55446
Storage,2024-10-01,69467
Storage,2024-11-01,62048
Storage,2024-12-01,57367
Storage,2025-01-01,56145
Storage,2025-02-01,46321
Storage,2025-03-01,51401
Storage,2025-04-01,46081
Storage,2025-05-01,51242
Storage,2025-06-01,48276
Storage,2025-07-01,58309
Storage,2025-08-01,57600
Storage,2025-09-01,60608
Storage,2025-10-01,78319
Storage,2025-11-01,76424
Storage,2025-12-01,60986
