week_start,category,units
2019-01-07,Furniture,3501.0
2019-01-14,Furniture,4186.0
2019-01-21,Furniture,3863.0
2019-01-28,Furniture,3627.0
2019-02-04,Furniture,3379.0
2019-02-11,Furniture,3456.0
2019-02-18,Furniture,3326.0
2019-02-25,Furniture,2776.0
2019-03-04,Furniture,3704.0
2019-03-11,Furniture,3369.0
2019-03-18,Furniture,3238.0
2019-03-25,Furniture,3922.0
2019-04-01,Furniture,4195.0
2019-04-08,Furniture,4413.0
2019-04-15,Furniture,5297.0
2019-04-22,Furniture,5626.0
2019-04-29,Furniture,5640.0
2019-05-06,Furniture,4558.0
2019-05-13,Furniture,4526.0
2019-05-20,Furniture,5129.0
2019-05-27,Furniture,4028.0
2019-06-03,Furniture,3684.0
2019-06-10,Furniture,4718.0
2019-06-17,Furniture,4052.0
2019-06-24,Furniture,3764.0
2019-07-01,Furniture,4096.0
2019-07-08,Furniture,3750.0
2019-07-15,Furniture,4123.0
2019-07-22,Furniture,4141.0
2019-07-29,Furniture,4700.0
2019-08-05,Furniture,3926.0
2019-08-12,Furniture,3057.0
2019-08-19,Furniture,4049.0
2019-08-26,Furniture,3033.0
2019-09-02,Furniture,4575.0
2019-09-09,Furniture,4489.0
2019-09-16,Furniture,4184.0
2019-09-23,Furniture,4563.0
2019-09-30,Furniture,5500.0
2019-10-07,Furniture,5578.0
2019-10-14,Furniture,6278.0
2019-10-21,Furniture,5372.0
2019-10-28,Furniture,5202.0
2019-11-04,Furniture,5308.0
2019-11-11,Furniture,4075.0
2019-11-18,Furniture,4481.0
2019-11-25,Furniture,3708.0
2019-12-02,Furniture,3896.0
2019-12-09,Furniture,4062.0
2019-12-16,Furniture,3809.0
2019-12-23,Furniture,4329.0
2019-12-30,Furniture,5275.0
2020-01-06,Furniture,4937.0
2020-01-13,Furniture,3981.0
2020-01-20,Furniture,4692.0
2020-01-27,Furniture,4781.0
2020-02-03,Furniture,5035.0
2020-02-10,Furniture,3612.0
2020-02-17,Furniture,4355.0
2020-02-24,Furniture,3532.0
2020-03-02,Furniture,3420.0
2020-03-09,Furniture,3217.0
2020-03-16,Furniture,3518.0
2020-03-23,Furniture,2766.0
2020-03-30,Furniture,2572.0
2020-04-06,Furniture,2198.0
2020-04-13,Furniture,2782.0
2020-04-20,Furniture,3049.0
2020-04-27,Furniture,3529.0
2020-05-04,Furniture,2757.0
2020-05-11,Furniture,3021.0
2020-05-18,Furniture,2878.0
2020-05-25,Furniture,2472.0
2020-06-01,Furniture,2814.0
2020-06-08,Furniture,2548.0
2020-06-15,Furniture,2535.0
2020-06-22,Furniture,2562.0
2020-06-29,Furniture,2331.0
2020-07-06,Furniture,3859.0
2020-07-13,Furniture,3058.0
2020-07-20,Furniture,3904.0
2020-07-27,Furniture,3908.0
2020-08-03,Furniture,3943.0
2020-08-10,Furniture,3837.0
2020-08-17,Furniture,4274.0
2020-08-24,Furniture,3631.0
2020-08-31,Furniture,3696.0
2020-09-07,Furniture,4673.0
2020-09-14,Furniture,3566.0
2020-09-21,Furniture,4037.0
2020-09-28,Furniture,3578.0
2020-10-05,Furniture,3950.0
2020-10-12,Furniture,3920.0
2020-10-19,Furniture,4482.0
2020-10-26,Furniture,4327.0
2020-11-02,Furniture,4427.0
2020-11-09,Furniture,6419.0
2020-11-16,Furniture,6107.0
2020-11-23,Furniture,4812.0
2020-11-30,Furniture,4796.0
2020-12-07,Furniture,4834.0
2020-12-14,Furniture,3489.0
2020-12-21,Furniture,4173.0
2020-12-28,Furniture,4269.0
2021-01-04,Furniture,3682.0
2021-01-11,Furniture,3999.0
2021-01-18,Furniture,4941.0
2021-01-25,Furniture,3801.0
2021-02-01,Furniture,4521.0
2021-02-08,Furniture,4564.0
2021-02-15,Furniture,5325.0
2021-02-22,Furniture,6018.0
2021-03-01,Furniture,6616.0
2021-03-08,Furniture,5016.0
2021-03-15,Furniture,4675.0
2021-03-22,Furniture,3900.0
2021-03-29,Furniture,3453.0
2021-04-05,Furniture,4450.0
2021-04-12,Furniture,5195.0
2021-04-19,Furniture,5514.0
2021-04-26,Furniture,5092.0
2021-05-03,Furniture,5666.0
2021-05-10,Furniture,5541.0
2021-05-17,Furniture,5354.0
2021-05-24,Furniture,4996.0
2021-05-31,Furniture,4549.0
2021-06-07,Furniture,4515.0
2021-06-14,Furniture,4748.0
2021-06-21,Furniture,4203.0
2021-06-28,Furniture,3723.0
2021-07-05,Furniture,4167.0
2021-07-12,Furniture,4451.0
2021-07-19,Furniture,5565.0
2021-07-26,Furniture,5489.0
2021-08-02,Furniture,5174.0
2021-08-09,Furniture,4410.0
2021-08-16,Furniture,5013.0
2021-08-23,Furniture,4705.0
2021-08-30,Furniture,4680.0
2021-09-06,Furniture,4644.0
2021-09-13,Furniture,4345.0
2021-09-20,Furniture,4456.0
2021-09-27,Furniture,5063.0
2021-10-04,Furniture,5039.0
2021-10-11,Furniture,5123.0
2021-10-18,Furniture,4690.0
2021-10-25,Furniture,4854.0
2021-11-01,Furniture,5297.0
2021-11-08,Furniture,5978.0
2021-11-15,Furniture,4910.0
2021-11-22,Furniture,4740.0
2021-11-29,Furniture,4362.0
2021-12-06,Furniture,4618.0
2021-12-13,Furniture,6471.0
2021-12-20,Furniture,6084.0
2021-12-27,Furniture,5862.0
2022-01-03,Furniture,5001.0
2022-01-10,Furniture,4908.0
2022-01-17,Furniture,4509.0
2022-01-24,Furniture,5235.0
2022-01-31,Furniture,4288.0
2022-02-07,Furniture,4941.0
2022-02-14,Furniture,4992.0
2022-02-21,Furniture,5764.0
2022-02-28,Furniture,6700.0
2022-03-07,Furniture,4914.0
2022-03-14,Furniture,5196.0
2022-03-21,Furniture,4609.0
2022-03-28,Furniture,5760.0
2022-04-04,Furniture,5686.0
2022-04-11,Furniture,5546.0
2022-04-18,Furniture,5495.0
2022-04-25,Furniture,5671.0
2022-05-02,Furniture,5252.0
2022-05-09,Furniture,5924.0
2022-05-16,Furniture,5892.0
2022-05-23,Furniture,5577.0
2022-05-30,Furniture,5788.0
2022-06-06,Furniture,5949.0
2022-06-13,Furniture,5567.0
2022-06-20,Furniture,5657.0
2022-06-27,Furniture,4670.0
2022-07-04,Furniture,5303.0
2022-07-11,Furniture,4730.0
2022-07-18,Furniture,5289.0
2022-07-25,Furniture,6190.0
2022-08-01,Furniture,6450.0
2022-08-08,Furniture,6232.0
2022-08-15,Furniture,5297.0
2022-08-22,Furniture,5754.0
2022-08-29,Furniture,5275.0
2022-09-05,Furniture,5480.0
2022-09-12,Furniture,5571.0
2022-09-19,Furniture,6310.0
2022-09-26,Furniture,6613.0
2022-10-03,Furniture,5726.0
2022-10-10,Furniture,5844.0
2022-10-17,Furniture,5088.0
2022-10-24,Furniture,4856.0
2022-10-31,Furniture,5590.0
2022-11-07,Furniture,5302.0
2022-11-14,Furniture,5223.0
2022-11-21,Furniture,5645.0
2022-11-28,Furniture,6726.0
2022-12-05,Furniture,6369.0
2022-12-12,Furniture,4957.0
2022-12-19,Furniture,4856.0
2022-12-26,Furniture,5336.0
2023-01-02,Furniture,6489.0
2023-01-09,Furniture,6295.0
2023-01-16,Furniture,5390.0
2023-01-23,Furniture,4508.0
2023-01-30,Furniture,5567.0
2023-02-06,Furniture,6779.0
2023-02-13,Furniture,7875.0
2023-02-20,Furniture,6738.0
2023-02-27,Furniture,6788.0
2023-03-06,Furniture,6815.0
2023-03-13,Furniture,7105.0
2023-03-20,Furniture,7456.0
2023-03-27,Furniture,6687.0
2023-04-03,Furniture,7029.0
2023-04-10,Furniture,8918.0
2023-04-17,Furniture,8285.0
2023-04-24,Furniture,9128.0
2023-05-01,Furniture,8753.0
2023-05-08,Furniture,8976.0
2023-05-15,Furniture,8594.0
2023-05-22,Furniture,8545.0
2023-05-29,Furniture,6173.0
2023-06-05,Furniture,6308.0
2023-06-12,Furniture,6647.0
2023-06-19,Furniture,6317.0
2023-06-26,Furniture,5633.0
2023-07-03,Furniture,6424.0
2023-07-10,Furniture,7243.0
2023-07-17,Furniture,6866.0
2023-07-24,Furniture,6540.0
2023-07-31,Furniture,5244.0
2023-08-07,Furniture,5529.0
2023-08-14,Furniture,5459.0
2023-08-21,Furniture,5725.0
2023-08-28,Furniture,5910.0
2023-09-04,Furniture,5484.0
2023-09-11,Furniture,6072.0
2023-09-18,Furniture,6476.0
2023-09-25,Furniture,5633.0
2023-10-02,Furniture,6429.0
2023-10-09,Furniture,5933.0
2023-10-16,Furniture,5559.0
2023-10-23,Furniture,7752.0
2023-10-30,Furniture,6004.0
2023-11-06,Furniture,7490.0
2023-11-13,Furniture,7509.0
2023-11-20,Furniture,6212.0
2023-11-27,Furniture,7674.0
2023-12-04,Furniture,6431.0
2023-12-11,Furniture,6110.0
2023-12-18,Furniture,7027.0
2023-12-25,Furniture,6490.0
2024-01-01,Furniture,6503.0
2024-01-08,Furniture,7730.0
2024-01-15,Furniture,6866.0
2024-01-22,Furniture,7368.0
2024-01-29,Furniture,5987.0
2024-02-05,Furniture,6958.0
2024-02-12,Furniture,7634.0
2024-02-19,Furniture,6221.0
2024-02-26,Furniture,6682.0
2024-03-04,Furniture,6447.0
2024-03-11,Furniture,7099.0
2024-03-18,Furniture,6204.0
2024-03-25,Furniture,6740.0
2024-04-01,Furniture,6561.0
2024-04-08,Furniture,6884.0
2024-04-15,Furniture,6281.0
2024-04-22,Furniture,6656.0
2024-04-29,Furniture,7962.0
2024-05-06,Furniture,7437.0
2024-05-13,Furniture,7231.0
2024-05-20,Furniture,6474.0
2024-05-27,Furniture,6748.0
2024-06-03,Furniture,7149.0
2024-06-10,Furniture,6185.0
2024-06-17,Furniture,5594.0
2024-06-24,Furniture,4979.0
2024-07-01,Furniture,5413.0
2024-07-08,Furniture,5657.0
2024-07-15,Furniture,5872.0
2024-07-22,Furniture,5131.0
2024-07-29,Furniture,5998.0
2024-08-05,Furniture,6195.0
2024-08-12,Furniture,5704.0
2024-08-19,Furniture,7181.0
2024-08-26,Furniture,6361.0
2024-09-02,Furniture,5816.0
2024-09-09,Furniture,5839.0
2024-09-16,Furniture,6342.0
2024-09-23,Furniture,5262.0
2024-09-30,Furniture,5961.0
2024-10-07,Furniture,7357.0
2024-10-14,Furniture,7157.0
2024-10-21,Furniture,8768.0
2024-10-28,Furniture,7025.0
2024-11-04,Furniture,6560.0
2024-11-11,Furniture,8075.0
2024-11-18,Furniture,5518.0
2024-11-25,Furniture,7202.0
2024-12-02,Furniture,6856.0
2024-12-09,Furniture,7496.0
2024-12-16,Furniture,8246.0
2024-12-23,Furniture,7126.0
2024-12-30,Furniture,7123.0
2025-01-06,Furniture,7854.0
2025-01-13,Furniture,7412.0
2025-01-20,Furniture,8000.0
2025-01-27,Furniture,6187.0
2025-02-03,Furniture,7435.0
2025-02-10,Furniture,6912.0
2025-02-17,Furniture,6927.0
2025-02-24,Furniture,7638.0
2025-03-03,Furniture,6448.0
2025-03-10,Furniture,5969.0
2025-03-17,Furniture,6237.0
2025-03-24,Furniture,8474.0
2025-03-31,Furniture,8267.0
2025-04-07,Furniture,8093.0
2025-04-14,Furniture,8208.0
2025-04-21,Furniture,10038.0
2025-04-28,Furniture,9037.0
2025-05-05,Furniture,7948.0
2025-05-12,Furniture,8563.0
2025-05-19,Furniture,7679.0
2025-05-26,Furniture,6707.0
2025-06-02,Furniture,7078.0
2025-06-09,Furniture,7498.0
2025-06-16,Furniture,5774.0
2025-06-23,Furniture,7580.0
2025-06-30,Furniture,7232.0
2025-07-07,Furniture,8264.0
2025-07-14,Furniture,9301.0
2025-07-21,Furniture,8402.0
2025-07-28,Furniture,8050.0
2025-08-04,Furniture,8005.0
2025-08-11,Furniture,7154.0
2025-08-18,Furniture,7464.0
2025-08-25,Furniture,8722.0
2025-09-01,Furniture,8815.0
2025-09-08,Furniture,7873.0
2025-09-15,Furniture,6774.0
2025-09-22,Furniture,6714.0
2025-09-29,Furniture,6637.0
2025-10-06,Furniture,6085.0
2025-10-13,Furniture,7061.0
2025-10-20,Furniture,8568.0
2025-10-27,Furniture,8270.0
2025-11-03,Furniture,10044.0
2025-11-10,Furniture,11233.0
2025-11-17,Furniture,10360.0
2025-11-24,Furniture,9537.0
2025-12-01,Furniture,9294.0
2025-12-08,Furniture,8803.0
2025-12-15,Furniture,8104.0
2025-12-22,Furniture,8617.0
2025-12-29,Furniture,8053.0
2019-01-07,Industrial,6000.0
2019-01-14,Industrial,7230.0
2019-01-21,Industrial,7431.0
2019-01-28,Industrial,6738.0
2019-02-04,Industrial,7178.0
2019-02-11,Industrial,6697.0
2019-02-18,Industrial,6216.0
2019-02-25,Industrial,6354.0
2019-03-04,Industrial,6093.0
2019-03-11,Industrial,5226.0
2019-03-18,Industrial,5816.0
2019-03-25,Industrial,5887.0
2019-04-01,Industrial,6764.0
2019-04-08,Industrial,6251.0
2019-04-15,Industrial,6637.0
2019-04-22,Industrial,6440.0
2019-04-29,Industrial,6411.0
2019-05-06,Industrial,6870.0
2019-05-13,Industrial,6095.0
2019-05-20,Industrial,6454.0
2019-05-27,Industrial,6834.0
2019-06-03,Industrial,7253.0
2019-06-10,Industrial,6695.0
2019-06-17,Industrial,6054.0
2019-06-24,Industrial,6111.0
2019-07-01,Industrial,6096.0
2019-07-08,Industrial,4680.0
2019-07-15,Industrial,6083.0
2019-07-22,Industrial,5368.0
2019-07-29,Industrial,5606.0
2019-08-05,Industrial,6570.0
2019-08-12,Industrial,7012.0
2019-08-19,Industrial,7021.0
2019-08-26,Industrial,7614.0
2019-09-02,Industrial,7161.0
2019-09-09,Industrial,6944.0
2019-09-16,Industrial,6037.0
2019-09-23,Industrial,6568.0
2019-09-30,Industrial,5835.0
2019-10-07,Industrial,5506.0
2019-10-14,Industrial,6731.0
2019-10-21,Industrial,6678.0
2019-10-28,Industrial,6043.0
2019-11-04,Industrial,6500.0
2019-11-11,Industrial,6116.0
2019-11-18,Industrial,5731.0
2019-11-25,Industrial,7593.0
2019-12-02,Industrial,6827.0
2019-12-09,Industrial,5565.0
2019-12-16,Industrial,6124.0
2019-12-23,Industrial,6018.0
2019-12-30,Industrial,6601.0
2020-01-06,Industrial,5985.0
2020-01-13,Industrial,6933.0
2020-01-20,Industrial,6025.0
2020-01-27,Industrial,6307.0
2020-02-03,Industrial,5035.0
2020-02-10,Industrial,5299.0
2020-02-17,Industrial,5942.0
2020-02-24,Industrial,7073.0
2020-03-02,Industrial,6946.0
2020-03-09,Industrial,6999.0
2020-03-16,Industrial,6835.0
2020-03-23,Industrial,3679.0
2020-03-30,Industrial,3724.0
2020-04-06,Industrial,3770.0
2020-04-13,Industrial,3595.0
2020-04-20,Industrial,3629.0
2020-04-27,Industrial,3597.0
2020-05-04,Industrial,3544.0
2020-05-11,Industrial,3386.0
2020-05-18,Industrial,3228.0
2020-05-25,Industrial,3195.0
2020-06-01,Industrial,3562.0
2020-06-08,Industrial,3179.0
2020-06-15,Industrial,4030.0
2020-06-22,Industrial,4186.0
2020-06-29,Industrial,3597.0
2020-07-06,Industrial,5572.0
2020-07-13,Industrial,5344.0
2020-07-20,Industrial,4959.0
2020-07-27,Industrial,5793.0
2020-08-03,Industrial,5959.0
2020-08-10,Industrial,6780.0
2020-08-17,Industrial,5390.0
2020-08-24,Industrial,5395.0
2020-08-31,Industrial,4903.0
2020-09-07,Industrial,5190.0
2020-09-14,Industrial,4920.0
2020-09-21,Industrial,5379.0
2020-09-28,Industrial,5803.0
2020-10-05,Industrial,5643.0
2020-10-12,Industrial,5450.0
2020-10-19,Industrial,6138.0
2020-10-26,Industrial,6083.0
2020-11-02,Industrial,6303.0
2020-11-09,Industrial,6491.0
2020-11-16,Industrial,7377.0
2020-11-23,Industrial,5930.0
2020-11-30,Industrial,5886.0
2020-12-07,Industrial,6013.0
2020-12-14,Industrial,5640.0
2020-12-21,Industrial,5878.0
2020-12-28,Industrial,5161.0
2021-01-04,Industrial,4907.0
2021-01-11,Industrial,4551.0
2021-01-18,Industrial,5022.0
2021-01-25,Industrial,5213.0
2021-02-01,Industrial,4575.0
2021-02-08,Industrial,5452.0
2021-02-15,Industrial,6770.0
2021-02-22,Industrial,5446.0
2021-03-01,Industrial,6471.0
2021-03-08,Industrial,6041.0
2021-03-15,Industrial,5613.0
2021-03-22,Industrial,5765.0
2021-03-29,Industrial,5647.0
2021-04-05,Industrial,6735.0
2021-04-12,Industrial,6870.0
2021-04-19,Industrial,6531.0
2021-04-26,Industrial,6530.0
2021-05-03,Industrial,5191.0
2021-05-10,Industrial,5368.0
2021-05-17,Industrial,5315.0
2021-05-24,Industrial,6345.0
2021-05-31,Industrial,6160.0
2021-06-07,Industrial,7288.0
2021-06-14,Industrial,6046.0
2021-06-21,Industrial,5823.0
2021-06-28,Industrial,6603.0
2021-07-05,Industrial,6110.0
2021-07-12,Industrial,6514.0
2021-07-19,Industrial,5880.0
2021-07-26,Industrial,5193.0
2021-08-02,Industrial,6221.0
2021-08-09,Industrial,6081.0
2021-08-16,Industrial,6636.0
2021-08-23,Industrial,6149.0
2021-08-30,Industrial,6380.0
2021-09-06,Industrial,7055.0
2021-09-13,Industrial,7636.0
2021-09-20,Industrial,7458.0
2021-09-27,Industrial,7415.0
2021-10-04,Industrial,6318.0
2021-10-11,Industrial,5759.0
2021-10-18,Industrial,6273.0
2021-10-25,Industrial,6933.0
2021-11-01,Industrial,7050.0
2021-11-08,Industrial,6106.0
2021-11-15,Industrial,6139.0
2021-11-22,Industrial,7103.0
2021-11-29,Industrial,5933.0
2021-12-06,Industrial,7730.0
2021-12-13,Industrial,6727.0
2021-12-20,Industrial,6975.0
2021-12-27,Industrial,6666.0
2022-01-03,Industrial,5548.0
2022-01-10,Industrial,6302.0
2022-01-17,Industrial,6427.0
2022-01-24,Industrial,5702.0
2022-01-31,Industrial,6723.0
2022-02-07,Industrial,7261.0
2022-02-14,Industrial,6112.0
2022-02-21,Industrial,6961.0
2022-02-28,Industrial,6151.0
2022-03-07,Industrial,8072.0
2022-03-14,Industrial,7133.0
2022-03-21,Industrial,6150.0
2022-03-28,Industrial,6490.0
2022-04-04,Industrial,7548.0
2022-04-11,Industrial,6880.0
2022-04-18,Industrial,6672.0
2022-04-25,Industrial,6738.0
2022-05-02,Industrial,6813.0
2022-05-09,Industrial,7127.0
2022-05-16,Industrial,6767.0
2022-05-23,Industrial,7385.0
2022-05-30,Industrial,5974.0
2022-06-06,Industrial,7828.0
2022-06-13,Industrial,6453.0
2022-06-20,Industrial,7037.0
2022-06-27,Industrial,6788.0
2022-07-04,Industrial,6668.0
2022-07-11,Industrial,8764.0
2022-07-18,Industrial,8161.0
2022-07-25,Industrial,7923.0
2022-08-01,Industrial,6934.0
2022-08-08,Industrial,7393.0
2022-08-15,Industrial,7464.0
2022-08-22,Industrial,6722.0
2022-08-29,Industrial,5962.0
2022-09-05,Industrial,6636.0
2022-09-12,Industrial,7359.0
2022-09-19,Industrial,6403.0
2022-09-26,Industrial,7330.0
2022-10-03,Industrial,7163.0
2022-10-10,Industrial,9060.0
2022-10-17,Industrial,8052.0
2022-10-24,Industrial,8708.0
2022-10-31,Industrial,9051.0
2022-11-07,Industrial,6656.0
2022-11-14,Industrial,6690.0
2022-11-21,Industrial,7226.0
2022-11-28,Industrial,7666.0
2022-12-05,Industrial,8384.0
2022-12-12,Industrial,7371.0
2022-12-19,Industrial,8913.0
2022-12-26,Industrial,8059.0
2023-01-02,Industrial,7699.0
2023-01-09,Industrial,7242.0
2023-01-16,Industrial,7982.0
2023-01-23,Industrial,7901.0
2023-01-30,Industrial,7401.0
2023-02-06,Industrial,6789.0
2023-02-13,Industrial,6248.0
2023-02-20,Industrial,7750.0
2023-02-27,Industrial,7331.0
2023-03-06,Industrial,8247.0
2023-03-13,Industrial,7431.0
2023-03-20,Industrial,6572.0
2023-03-27,Industrial,7575.0
2023-04-03,Industrial,7438.0
2023-04-10,Industrial,8213.0
2023-04-17,Industrial,7389.0
2023-04-24,Industrial,6140.0
2023-05-01,Industrial,6144.0
2023-05-08,Industrial,6032.0
2023-05-15,Industrial,6696.0
2023-05-22,Industrial,7986.0
2023-05-29,Industrial,7487.0
2023-06-05,Industrial,7929.0
2023-06-12,Industrial,7781.0
2023-06-19,Industrial,6819.0
2023-06-26,Industrial,7007.0
2023-07-03,Industrial,7190.0
2023-07-10,Industrial,6458.0
2023-07-17,Industrial,8562.0
2023-07-24,Industrial,8443.0
2023-07-31,Industrial,7471.0
2023-08-07,Industrial,7639.0
2023-08-14,Industrial,8252.0
2023-08-21,Industrial,9666.0
2023-08-28,Industrial,6830.0
2023-09-04,Industrial,7246.0
2023-09-11,Industrial,7610.0
2023-09-18,Industrial,9136.0
2023-09-25,Industrial,8584.0
2023-10-02,Industrial,8452.0
2023-10-09,Industrial,9255.0
2023-10-16,Industrial,10221.0
2023-10-23,Industrial,8832.0
2023-10-30,Industrial,8606.0
2023-11-06,Industrial,7952.0
2023-11-13,Industrial,8541.0
2023-11-20,Industrial,7101.0
2023-11-27,Industrial,7998.0
2023-12-04,Industrial,8264.0
2023-12-11,Industrial,7861.0
2023-12-18,Industrial,7140.0
2023-12-25,Industrial,7499.0
2024-01-01,Industrial,7298.0
2024-01-08,Industrial,7439.0
2024-01-15,Industrial,7814.0
2024-01-22,Industrial,7141.0
2024-01-29,Industrial,6837.0
2024-02-05,Industrial,7467.0
2024-02-12,Industrial,7849.0
2024-02-19,Industrial,6023.0
2024-02-26,Industrial,6550.0
2024-03-04,Industrial,7247.0
2024-03-11,Industrial,7247.0
2024-03-18,Industrial,6596.0
2024-03-25,Industrial,6859.0
2024-04-01,Industrial,6618.0
2024-04-08,Industrial,7587.0
2024-04-15,Industrial,7705.0
2024-04-22,Industrial,8592.0
2024-04-29,Industrial,7984.0
2024-05-06,Industrial,7513.0
2024-05-13,Industrial,7672.0
2024-05-20,Industrial,8847.0
2024-05-27,Industrial,8148.0
2024-06-03,Industrial,8761.0
2024-06-10,Industrial,8498.0
2024-06-17,Industrial,8025.0
2024-06-24,Industrial,8057.0
2024-07-01,Industrial,8969.0
2024-07-08,Industrial,8014.0
2024-07-15,Industrial,6816.0
2024-07-22,Industrial,6620.0
2024-07-29,Industrial,6460.0
2024-08-05,Industrial,7201.0
2024-08-12,Industrial,7451.0
2024-08-19,Industrial,5657.0
2024-08-26,Industrial,6344.0
2024-09-02,Industrial,6714.0
2024-09-09,Industrial,7254.0
2024-09-16,Industrial,7528.0
2024-09-23,Industrial,8898.0
2024-09-30,Industrial,9790.0
2024-10-07,Industrial,7392.0
2024-10-14,Industrial,8095.0
2024-10-21,Industrial,7715.0
2024-10-28,Industrial,7123.0
2024-11-04,Industrial,6645.0
2024-11-11,Industrial,7132.0
2024-11-18,Industrial,7103.0
2024-11-25,Industrial,7248.0
2024-12-02,Industrial,6077.0
2024-12-09,Industrial,7333.0
2024-12-16,Industrial,8194.0
2024-12-23,Industrial,9634.0
2024-12-30,Industrial,7726.0
2025-01-06,Industrial,6879.0
2025-01-13,Industrial,6661.0
2025-01-20,Industrial,6697.0
2025-01-27,Industrial,9109.0
2025-02-03,Industrial,9621.0
2025-02-10,Industrial,8693.0
2025-02-17,Industrial,7922.0
2025-02-24,Industrial,8503.0
2025-03-03,Industrial,7332.0
2025-03-10,Industrial,7188.0
2025-03-17,Industrial,7201.0
2025-03-24,Industrial,7465.0
2025-03-31,Industrial,7191.0
2025-04-07,Industrial,7907.0
2025-04-14,Industrial,8414.0
2025-04-21,Industrial,8192.0
2025-04-28,Industrial,8925.0
2025-05-05,Industrial,7634.0
2025-05-12,Industrial,9263.0
2025-05-19,Industrial,7582.0
2025-05-26,Industrial,6976.0
2025-06-02,Industrial,8610.0
2025-06-09,Industrial,7889.0
2025-06-16,Industrial,6761.0
2025-06-23,Industrial,7279.0
2025-06-30,Industrial,6479.0
2025-07-07,Industrial,7718.0
2025-07-14,Industrial,8639.0
2025-07-21,Industrial,7681.0
2025-07-28,Industrial,6695.0
2025-08-04,Industrial,7850.0
2025-08-11,Industrial,8226.0
2025-08-18,Industrial,7025.0
2025-08-25,Industrial,6907.0
2025-09-01,Industrial,7673.0
2025-09-08,Industrial,8525.0
2025-09-15,Industrial,8390.0
2025-09-22,Industrial,7700.0
2025-09-29,Industrial,7359.0
2025-10-06,Industrial,7956.0
2025-10-13,Industrial,6784.0
2025-10-20,Industrial,7508.0
2025-10-27,Industrial,8019.0
2025-11-03,Industrial,7302.0
2025-11-10,Industrial,6662.0
2025-11-17,Industrial,7834.0
2025-11-24,Industrial,6839.0
2025-12-01,Industrial,7570.0
2025-12-08,Industrial,7897.0
2025-12-15,Industrial,6938.0
2025-12-22,Industrial,7854.0
2025-12-29,Industrial,7587.0
2019-01-07,Kitchen,11000.0
2019-01-14,Kitchen,11876.0
2019-01-21,Kitchen,10722.0
2019-01-28,Kitchen,10950.0
2019-02-04,Kitchen,11967.0
2019-02-11,Kitchen,12125.0
2019-02-18,Kitchen,12419.0
2019-02-25,Kitchen,12130.0
2019-03-04,Kitchen,11535.0
2019-03-11,Kitchen,10223.0
2019-03-18,Kitchen,9309.0
2019-03-25,Kitchen,9373.0
2019-04-01,Kitchen,9807.0
2019-04-08,Kitchen,11020.0
2019-04-15,Kitchen,10839.0
2019-04-22,Kitchen,10750.0
2019-04-29,Kitchen,9555.0
2019-05-06,Kitchen,13338.0
2019-05-13,Kitchen,13296.0
2019-05-20,Kitchen,10476.0
2019-05-27,Kitchen,10678.0
2019-06-03,Kitchen,10803.0
2019-06-10,Kitchen,9768.0
2019-06-17,Kitchen,10422.0
2019-06-24,Kitchen,11238.0
2019-07-01,Kitchen,12002.0
2019-07-08,Kitchen,12710.0
2019-07-15,Kitchen,10812.0
2019-07-22,Kitchen,11507.0
2019-07-29,Kitchen,10797.0
2019-08-05,Kitchen,13088.0
2019-08-12,Kitchen,13850.0
2019-08-19,Kitchen,11619.0
2019-08-26,Kitchen,12350.0
2019-09-02,Kitchen,11825.0
2019-09-09,Kitchen,12134.0
2019-09-16,Kitchen,13990.0
2019-09-23,Kitchen,13942.0
2019-09-30,Kitchen,15957.0
2019-10-07,Kitchen,17870.0
2019-10-14,Kitchen,22262.0
2019-10-21,Kitchen,24208.0
2019-10-28,Kitchen,21062.0
2019-11-04,Kitchen,18135.0
2019-11-11,Kitchen,16677.0
2019-11-18,Kitchen,14831.0
2019-11-25,Kitchen,14425.0
2019-12-02,Kitchen,14430.0
2019-12-09,Kitchen,12245.0
2019-12-16,Kitchen,12732.0
2019-12-23,Kitchen,12076.0
2019-12-30,Kitchen,12077.0
2020-01-06,Kitchen,11106.0
2020-01-13,Kitchen,13066.0
2020-01-20,Kitchen,14697.0
2020-01-27,Kitchen,14844.0
2020-02-03,Kitchen,13716.0
2020-02-10,Kitchen,15200.0
2020-02-17,Kitchen,13143.0
2020-02-24,Kitchen,12567.0
2020-03-02,Kitchen,12735.0
2020-03-09,Kitchen,12587.0
2020-03-16,Kitchen,13984.0
2020-03-23,Kitchen,6062.0
2020-03-30,Kitchen,6639.0
2020-04-06,Kitchen,6542.0
2020-04-13,Kitchen,7204.0
2020-04-20,Kitchen,6609.0
2020-04-27,Kitchen,6318.0
2020-05-04,Kitchen,5241.0
2020-05-11,Kitchen,5903.0
2020-05-18,Kitchen,6686.0
2020-05-25,Kitchen,6702.0
2020-06-01,Kitchen,6441.0
2020-06-08,Kitchen,7028.0
2020-06-15,Kitchen,6262.0
2020-06-22,Kitchen,5996.0
2020-06-29,Kitchen,6479.0
2020-07-06,Kitchen,10471.0
2020-07-13,Kitchen,9569.0
2020-07-20,Kitchen,11262.0
2020-07-27,Kitchen,10539.0
2020-08-03,Kitchen,12642.0
2020-08-10,Kitchen,11383.0
2020-08-17,Kitchen,11849.0
2020-08-24,Kitchen,10936.0
2020-08-31,Kitchen,11889.0
2020-09-07,Kitchen,12056.0
2020-09-14,Kitchen,11987.0
2020-09-21,Kitchen,10707.0
2020-09-28,Kitchen,14039.0
2020-10-05,Kitchen,18072.0
2020-10-12,Kitchen,22571.0
2020-10-19,Kitchen,20551.0
2020-10-26,Kitchen,19987.0
2020-11-02,Kitchen,19755.0
2020-11-09,Kitchen,17544.0
2020-11-16,Kitchen,15966.0
2020-11-23,Kitchen,14042.0
2020-11-30,Kitchen,15536.0
2020-12-07,Kitchen,12992.0
2020-12-14,Kitchen,14179.0
2020-12-21,Kitchen,11858.0
2020-12-28,Kitchen,12052.0
2021-01-04,Kitchen,11663.0
2021-01-11,Kitchen,12809.0
2021-01-18,Kitchen,12018.0
2021-01-25,Kitchen,11803.0
2021-02-01,Kitchen,14369.0
2021-02-08,Kitchen,11837.0
2021-02-15,Kitchen,11174.0
2021-02-22,Kitchen,12664.0
2021-03-01,Kitchen,11495.0
2021-03-08,Kitchen,12874.0
2021-03-15,Kitchen,11979.0
2021-03-22,Kitchen,13420.0
2021-03-29,Kitchen,12626.0
2021-04-05,Kitchen,10800.0
2021-04-12,Kitchen,12394.0
2021-04-19,Kitchen,12352.0
2021-04-26,Kitchen,12859.0
2021-05-03,Kitchen,11441.0
2021-05-10,Kitchen,11347.0
2021-05-17,Kitchen,11628.0
2021-05-24,Kitchen,12844.0
2021-05-31,Kitchen,12099.0
2021-06-07,Kitchen,11070.0
2021-06-14,Kitchen,11169.0
2021-06-21,Kitchen,10709.0
2021-06-28,Kitchen,12263.0
2021-07-05,Kitchen,12991.0
2021-07-12,Kitchen,14135.0
2021-07-19,Kitchen,16771.0
2021-07-26,Kitchen,15248.0
2021-08-02,Kitchen,14582.0
2021-08-09,Kitchen,14240.0
2021-08-16,Kitchen,12899.0
2021-08-23,Kitchen,13139.0
2021-08-30,Kitchen,14457.0
2021-09-06,Kitchen,14116.0
2021-09-13,Kitchen,16261.0
2021-09-20,Kitchen,18016.0
2021-09-27,Kitchen,15616.0
2021-10-04,Kitchen,18783.0
2021-10-11,Kitchen,18955.0
2021-10-18,Kitchen,19679.0
2021-10-25,Kitchen,17073.0
2021-11-01,Kitchen,19152.0
2021-11-08,Kitchen,18581.0
2021-11-15,Kitchen,14627.0
2021-11-22,Kitchen,17373.0
2021-11-29,Kitchen,14753.0
2021-12-06,Kitchen,16110.0
2021-12-13,Kitchen,15996.0
2021-12-20,Kitchen,14902.0
2021-12-27,Kitchen,16173.0
2022-01-03,Kitchen,13454.0
2022-01-10,Kitchen,13227.0
2022-01-17,Kitchen,12550.0
2022-01-24,Kitchen,13735.0
2022-01-31,Kitchen,12137.0
2022-02-07,Kitchen,11774.0
2022-02-14,Kitchen,13408.0
2022-02-21,Kitchen,14328.0
2022-02-28,Kitchen,14724.0
2022-03-07,Kitchen,16063.0
2022-03-14,Kitchen,14969.0
2022-03-21,Kitchen,14109.0
2022-03-28,Kitchen,13222.0
2022-04-04,Kitchen,13187.0
2022-04-11,Kitchen,12783.0
2022-04-18,Kitchen,16650.0
2022-04-25,Kitchen,12938.0
2022-05-02,Kitchen,12073.0
2022-05-09,Kitchen,13265.0
2022-05-16,Kitchen,12633.0
2022-05-23,Kitchen,12118.0
2022-05-30,Kitchen,14005.0
2022-06-06,Kitchen,16217.0
2022-06-13,Kitchen,15395.0
2022-06-20,Kitchen,14568.0
2022-06-27,Kitchen,13637.0
2022-07-04,Kitchen,15011.0
2022-07-11,Kitchen,14491.0
2022-07-18,Kitchen,15099.0
2022-07-25,Kitchen,13723.0
2022-08-01,Kitchen,12745.0
2022-08-08,Kitchen,13314.0
2022-08-15,Kitchen,13611.0
2022-08-22,Kitchen,14912.0
2022-08-29,Kitchen,17465.0
2022-09-05,Kitchen,15298.0
2022-09-12,Kitchen,16738.0
2022-09-19,Kitchen,17183.0
2022-09-26,Kitchen,17281.0
2022-10-03,Kitchen,18141.0
2022-10-10,Kitchen,20172.0
2022-10-17,Kitchen,22048.0
2022-10-24,Kitchen,25713.0
2022-10-31,Kitchen,27815.0
2022-11-07,Kitchen,22538.0
2022-11-14,Kitchen,23266.0
2022-11-21,Kitchen,18603.0
2022-11-28,Kitchen,17041.0
2022-12-05,Kitchen,17077.0
2022-12-12,Kitchen,17330.0
2022-12-19,Kitchen,14775.0
2022-12-26,Kitchen,13323.0
2023-01-02,Kitchen,14531.0
2023-01-09,Kitchen,14613.0
2023-01-16,Kitchen,15801.0
2023-01-23,Kitchen,15568.0
2023-01-30,Kitchen,14490.0
2023-02-06,Kitchen,13522.0
2023-02-13,Kitchen,13643.0
2023-02-20,Kitchen,17307.0
2023-02-27,Kitchen,17023.0
2023-03-06,Kitchen,17598.0
2023-03-13,Kitchen,17571.0
2023-03-20,Kitchen,15441.0
2023-03-27,Kitchen,16253.0
2023-04-03,Kitchen,17295.0
2023-04-10,Kitchen,17938.0
2023-04-17,Kitchen,15301.0
2023-04-24,Kitchen,14848.0
2023-05-01,Kitchen,16466.0
2023-05-08,Kitchen,16201.0
2023-05-15,Kitchen,18091.0
2023-05-22,Kitchen,15083.0
2023-05-29,Kitchen,14447.0
2023-06-05,Kitchen,13278.0
2023-06-12,Kitchen,15760.0
2023-06-19,Kitchen,15612.0
2023-06-26,Kitchen,17309.0
2023-07-03,Kitchen,17912.0
2023-07-10,Kitchen,15843.0
2023-07-17,Kitchen,16707.0
2023-07-24,Kitchen,15767.0
2023-07-31,Kitchen,16333.0
2023-08-07,Kitchen,15878.0
2023-08-14,Kitchen,15815.0
2023-08-21,Kitchen,14767.0
2023-08-28,Kitchen,15506.0
2023-09-04,Kitchen,15554.0
2023-09-11,Kitchen,15841.0
2023-09-18,Kitchen,19398.0
2023-09-25,Kitchen,19992.0
2023-10-02,Kitchen,23481.0
2023-10-09,Kitchen,22936.0
2023-10-16,Kitchen,26693.0
2023-10-23,Kitchen,29284.0
2023-10-30,Kitchen,28791.0
2023-11-06,Kitchen,25696.0
2023-11-13,Kitchen,26977.0
2023-11-20,Kitchen,25911.0
2023-11-27,Kitchen,20624.0
2023-12-04,Kitchen,18673.0
2023-12-11,Kitchen,17490.0
2023-12-18,Kitchen,19156.0
2023-12-25,Kitchen,18688.0
2024-01-01,Kitchen,16695.0
2024-01-08,Kitchen,16240.0
2024-01-15,Kitchen,15712.0
2024-01-22,Kitchen,16147.0
2024-01-29,Kitchen,16715.0
2024-02-05,Kitchen,18128.0
2024-02-12,Kitchen,19229.0
2024-02-19,Kitchen,16180.0
2024-02-26,Kitchen,15511.0
2024-03-04,Kitchen,16336.0
2024-03-11,Kitchen,16889.0
2024-03-18,Kitchen,16711.0
2024-03-25,Kitchen,15205.0
2024-04-01,Kitchen,15745.0
2024-04-08,Kitchen,17284.0
2024-04-15,Kitchen,16288.0
2024-04-22,Kitchen,17148.0
2024-04-29,Kitchen,17798.0
2024-05-06,Kitchen,18733.0
2024-05-13,Kitchen,18341.0
2024-05-20,Kitchen,17194.0
2024-05-27,Kitchen,17848.0
2024-06-03,Kitchen,17363.0
2024-06-10,Kitchen,17124.0
2024-06-17,Kitchen,15809.0
2024-06-24,Kitchen,17676.0
2024-07-01,Kitchen,16414.0
2024-07-08,Kitchen,16261.0
2024-07-15,Kitchen,20304.0
2024-07-22,Kitchen,18129.0
2024-07-29,Kitchen,17611.0
2024-08-05,Kitchen,18179.0
2024-08-12,Kitchen,17661.0
2024-08-19,Kitchen,19985.0
2024-08-26,Kitchen,17779.0
2024-09-02,Kitchen,19660.0
2024-09-09,Kitchen,19941.0
2024-09-16,Kitchen,20080.0
2024-09-23,Kitchen,21296.0
2024-09-30,Kitchen,21888.0
2024-10-07,Kitchen,23711.0
2024-10-14,Kitchen,24574.0
2024-10-21,Kitchen,21198.0
2024-10-28,Kitchen,23350.0
2024-11-04,Kitchen,24943.0
2024-11-11,Kitchen,24961.0
2024-11-18,Kitchen,23483.0
2024-11-25,Kitchen,20961.0
2024-12-02,Kitchen,18136.0
2024-12-09,Kitchen,15813.0
2024-12-16,Kitchen,14673.0
2024-12-23,Kitchen,16175.0
2024-12-30,Kitchen,16926.0
2025-01-06,Kitchen,17013.0
2025-01-13,Kitchen,17558.0
2025-01-20,Kitchen,16318.0
2025-01-27,Kitchen,17727.0
2025-02-03,Kitchen,18163.0
2025-02-10,Kitchen,16144.0
2025-02-17,Kitchen,17076.0
2025-02-24,Kitchen,17968.0
2025-03-03,Kitchen,18098.0
2025-03-10,Kitchen,18158.0
2025-03-17,Kitchen,18730.0
2025-03-24,Kitchen,17632.0
2025-03-31,Kitchen,16376.0
2025-04-07,Kitchen,16442.0
2025-04-14,Kitchen,18988.0
2025-04-21,Kitchen,19928.0
2025-04-28,Kitchen,18402.0
2025-05-05,Kitchen,16833.0
2025-05-12,Kitchen,18260.0
2025-05-19,Kitchen,18310.0
2025-05-26,Kitchen,16536.0
2025-06-02,Kitchen,16190.0
2025-06-09,Kitchen,17221.0
2025-06-16,Kitchen,17429.0
2025-06-23,Kitchen,20840.0
2025-06-30,Kitchen,17122.0
2025-07-07,Kitchen,15948.0
2025-07-14,Kitchen,15840.0
2025-07-21,Kitchen,18165.0
2025-07-28,Kitchen,18019.0
2025-08-04,Kitchen,20620.0
2025-08-11,Kitchen,19845.0
2025-08-18,Kitchen,19993.0
2025-08-25,Kitchen,21104.0
2025-09-01,Kitchen,21504.0
2025-09-08,Kitchen,20795.0
2025-09-15,Kitchen,23674.0
2025-09-22,Kitchen,22310.0
2025-09-29,Kitchen,24447.0
2025-10-06,Kitchen,25584.0
2025-10-13,Kitchen,26849.0
2025-10-20,Kitchen,28502.0
2025-10-27,Kitchen,30892.0
2025-11-03,Kitchen,34140.0
2025-11-10,Kitchen,29354.0
2025-11-17,Kitchen,27390.0
2025-11-24,Kitchen,25950.0
2025-12-01,Kitchen,21043.0
2025-12-08,Kitchen,21864.0
2025-12-15,Kitchen,19328.0
2025-12-22,Kitchen,18714.0
2025-12-29,Kitchen,18614.0
2019-01-07,Storage,8999.0
2019-01-14,Storage,8561.0
2019-01-21,Storage,8700.0
2019-01-28,Storage,8288.0
2019-02-04,Storage,9511.0
2019-02-11,Storage,9266.0
2019-02-18,Storage,9629.0
2019-02-25,Storage,8399.0
2019-03-04,Storage,8141.0
2019-03-11,Storage,9281.0
2019-03-18,Storage,8899.0
2019-03-25,Storage,7662.0
2019-04-01,Storage,8075.0
2019-04-08,Storage,8571.0
2019-04-15,Storage,8619.0
2019-04-22,Storage,8218.0
2019-04-29,Storage,8029.0
2019-05-06,Storage,8433.0
2019-05-13,Storage,7910.0
2019-05-20,Storage,8525.0
2019-05-27,Storage,8073.0
2019-06-03,Storage,7556.0
2019-06-10,Storage,8195.0
2019-06-17,Storage,8127.0
2019-06-24,Storage,8142.0
2019-07-01,Storage,9401.0
2019-07-08,Storage,9843.0
2019-07-15,Storage,10754.0
2019-07-22,Storage,10489.0
2019-07-29,Storage,9411.0
2019-08-05,Storage,10316.0
2019-08-12,Storage,10531.0
2019-08-19,Storage,10633.0
2019-08-26,Storage,8868.0
2019-09-02,Storage,9461.0
2019-09-09,Storage,10760.0
2019-09-16,Storage,9765.0
2019-09-23,Storage,12016.0
2019-09-30,Storage,12360.0
2019-10-07,Storage,12289.0
2019-10-14,Storage,12799.0
2019-10-21,Storage,14401.0
2019-10-28,Storage,14033.0
2019-11-04,Storage,12792.0
2019-11-11,Storage,13292.0
2019-11-18,Storage,11504.0
2019-11-25,Storage,10291.0
2019-12-02,Storage,10694.0
2019-12-09,Storage,9782.0
2019-12-16,Storage,9056.0
2019-12-23,Storage,8885.0
2019-12-30,Storage,9174.0
2020-01-06,Storage,9115.0
2020-01-13,Storage,8224.0
2020-01-20,Storage,8688.0
2020-01-27,Storage,8303.0
2020-02-03,Storage,8938.0
2020-02-10,Storage,9412.0
2020-02-17,Storage,8977.0
2020-02-24,Storage,8794.0
2020-03-02,Storage,8752.0
2020-03-09,Storage,9222.0
2020-03-16,Storage,9903.0
2020-03-23,Storage,5568.0
2020-03-30,Storage,4960.0
2020-04-06,Storage,4669.0
2020-04-13,Storage,4954.0
2020-04-20,Storage,4341.0
2020-04-27,Storage,4744.0
2020-05-04,Storage,4548.0
2020-05-11,Storage,4385.0
2020-05-18,Storage,3946.0
2020-05-25,Storage,4946.0
2020-06-01,Storage,4915.0
2020-06-08,Storage,5275.0
2020-06-15,Storage,5894.0
2020-06-22,Storage,5770.0
2020-06-29,Storage,5558.0
2020-07-06,Storage,8947.0
2020-07-13,Storage,9025.0
2020-07-20,Storage,7586.0
2020-07-27,Storage,8993.0
2020-08-03,Storage,8934.0
2020-08-10,Storage,7622.0
2020-08-17,Storage,8198.0
2020-08-24,Storage,8869.0
2020-08-31,Storage,8651.0
2020-09-07,Storage,7787.0
2020-09-14,Storage,8361.0
2020-09-21,Storage,8936.0
2020-09-28,Storage,9965.0
2020-10-05,Storage,11291.0
2020-10-12,Storage,12412.0
2020-10-19,Storage,14194.0
2020-10-26,Storage,15031.0
2020-11-02,Storage,12790.0
2020-11-09,Storage,11608.0
2020-11-16,Storage,10545.0
2020-11-23,Storage,11243.0
2020-11-30,Storage,10489.0
2020-12-07,Storage,11274.0
2020-12-14,Storage,11468.0
2020-12-21,Storage,10890.0
2020-12-28,Storage,10577.0
2021-01-04,Storage,10728.0
2021-01-11,Storage,10415.0
2021-01-18,Storage,10302.0
2021-01-25,Storage,9551.0
2021-02-01,Storage,10518.0
2021-02-08,Storage,10291.0
2021-02-15,Storage,11523.0
2021-02-22,Storage,9441.0
2021-03-01,Storage,9957.0
2021-03-08,Storage,9145.0
2021-03-15,Storage,9837.0
2021-03-22,Storage,8261.0
2021-03-29,Storage,8871.0
2021-04-05,Storage,8681.0
2021-04-12,Storage,10550.0
2021-04-19,Storage,10589.0
2021-04-26,Storage,8989.0
2021-05-03,Storage,8951.0
2021-05-10,Storage,8697.0
2021-05-17,Storage,8915.0
2021-05-24,Storage,9344.0
2021-05-31,Storage,9269.0
2021-06-07,Storage,9809.0
2021-06-14,Storage,9916.0
2021-06-21,Storage,9465.0
2021-06-28,Storage,9791.0
2021-07-05,Storage,10041.0
2021-07-12,Storage,9690.0
2021-07-19,Storage,9865.0
2021-07-26,Storage,8865.0
2021-08-02,Storage,9411.0
2021-08-09,Storage,9271.0
2021-08-16,Storage,10198.0
2021-08-23,Storage,9766.0
2021-08-30,Storage,10626.0
2021-09-06,Storage,11137.0
2021-09-13,Storage,12950.0
2021-09-20,Storage,10868.0
2021-09-27,Storage,12459.0
2021-10-04,Storage,11931.0
2021-10-11,Storage,12274.0
2021-10-18,Storage,13855.0
2021-10-25,Storage,13732.0
2021-11-01,Storage,15970.0
2021-11-08,Storage,14245.0
2021-11-15,Storage,13568.0
2021-11-22,Storage,12660.0
2021-11-29,Storage,11327.0
2021-12-06,Storage,11456.0
2021-12-13,Storage,10247.0
2021-12-20,Storage,11069.0
2021-12-27,Storage,11264.0
2022-01-03,Storage,11996.0
2022-01-10,Storage,10339.0
2022-01-17,Storage,9327.0
2022-01-24,Storage,9691.0
2022-01-31,Storage,9567.0
2022-02-07,Storage,9027.0
2022-02-07,Storage,9027.0
2022-02-14,Storage,9700.0
2022-02-21,Storage,8993.0
2022-02-28,Storage,9131.0
2022-03-07,Storage,8523.0
2022-03-14,Storage,9175.0
2022-03-21,Storage,10020.0
2022-03-28,Storage,9994.0
2022-04-04,Storage,11197.0
2022-04-11,Storage,9434.0
2022-04-18,Storage,11645.0
2022-04-25,Storage,11043.0
2022-05-02,Storage,10060.0
2022-05-09,Storage,10408.0
2022-05-16,Storage,9804.0
2022-05-23,Storage,10654.0
2022-05-30,Storage,13386.0
2022-06-06,Storage,12842.0
2022-06-13,Storage,10816.0
2022-06-20,Storage,11679.0
2022-06-27,Storage,11105.0
2022-07-04,Storage,11485.0
2022-07-11,Storage,13294.0
2022-07-18,Storage,12315.0
2022-07-25,Storage,12284.0
2022-08-01,Storage,12334.0
2022-08-08,Storage,10557.0
2022-08-15,Storage,10996.0
2022-08-22,Storage,9365.0
2022-08-29,Storage,10372.0
2022-09-05,Storage,11404.0
2022-09-12,Storage,13641.0
2022-09-19,Storage,11996.0
2022-09-26,Storage,11701.0
2022-10-03,Storage,12791.0
2022-10-10,Storage,14066.0
2022-10-17,Storage,14973.0
2022-10-24,Storage,14140.0
2022-10-31,Storage,14885.0
2022-11-07,Storage,14571.0
2022-11-14,Storage,14584.0
2022-11-21,Storage,13695.0
2022-11-28,Storage,13134.0
2022-12-05,Storage,11326.0
2022-12-12,Storage,12495.0
2022-12-19,Storage,11417.0
2022-12-26,Storage,12419.0
2023-01-02,Storage,12218.0
2023-01-09,Storage,14435.0
2023-01-16,Storage,12855.0
2023-01-23,Storage,12203.0
2023-01-30,Storage,12144.0
2023-02-06,Storage,13188.0
2023-02-13,Storage,12735.0
2023-02-20,Storage,11852.0
2023-02-27,Storage,11153.0
2023-03-06,Storage,11037.0
2023-03-13,Storage,12188.0
2023-03-20,Storage,11686.0
2023-03-27,Storage,11191.0
2023-04-03,Storage,10110.0
2023-04-10,Storage,10779.0
2023-04-17,Storage,10919.0
2023-04-24,Storage,10363.0
2023-05-01,Storage,10667.0
2023-05-08,Storage,11039.0
2023-05-15,Storage,10999.0
2023-05-22,Storage,11564.0
2023-05-29,Storage,10878.0
2023-06-05,Storage,12694.0
2023-06-12,Storage,11238.0
2023-06-19,Storage,12125.0
2023-06-26,Storage,13078.0
2023-07-03,Storage,13661.0
2023-07-10,Storage,12137.0
2023-07-17,Storage,11297.0
2023-07-24,Storage,12166.0
2023-07-31,Storage,12028.0
2023-08-07,Storage,11388.0
2023-08-14,Storage,
2023-08-21,Storage,10778.0
2023-08-28,Storage,12403.0
2023-09-04,Storage,13932.0
2023-09-11,Storage,13247.0
2023-09-18,Storage,13000.0
2023-09-25,Storage,14074.0
2023-10-02,Storage,15224.0
2023-10-09,Storage,15406.0
2023-10-16,Storage,15602.0
2023-10-23,Storage,17244.0
2023-10-30,Storage,15114.0
2023-11-06,Storage,13906.0
2023-11-13,Storage,14719.0
2023-11-20,Storage,12958.0
2023-11-27,Storage,13492.0
2023-12-04,Storage,12192.0
2023-12-11,Storage,12570.0
2023-12-18,Storage,13363.0
2023-12-25,Storage,13301.0
2024-01-01,Storage,11814.0
2024-01-08,Storage,13351.0
2024-01-15,Storage,12280.0
2024-01-22,Storage,12941.0
2024-01-29,Storage,13371.0
2024-02-05,Storage,12906.0
2024-02-12,Storage,13270.0
2024-02-19,Storage,12909.0
2024-02-26,Storage,13688.0
2024-03-04,Storage,12958.0
2024-03-11,Storage,11686.0
2024-03-18,Storage,11237.0
2024-03-25,Storage,10680.0
2024-04-01,Storage,10354.0
2024-04-08,Storage,11098.0
2024-04-15,Storage,9627.0
2024-04-22,Storage,9035.0
2024-04-29,Storage,10893.0
2024-05-06,Storage,10465.0
2024-05-13,Storage,11291.0
2024-05-20,Storage,11741.0
2024-05-27,Storage,12545.0
2024-06-03,Storage,10867.0
2024-06-10,Storage,12218.0
2024-06-17,Storage,10563.0
2024-06-24,Storage,12470.0
2024-07-01,Storage,12014.0
2024-07-08,Storage,12285.0
2024-07-15,Storage,13325.0
2024-07-22,Storage,12091.0
2024-07-29,Storage,11882.0
2024-08-05,Storage,11857.0
2024-08-12,Storage,12113.0
2024-08-19,Storage,12521.0
2024-08-26,Storage,13085.0
2024-09-02,Storage,13361.0
2024-09-09,Storage,13531.0
2024-09-16,Storage,12497.0
2024-09-23,Storage,12190.0
2024-09-30,Storage,13986.0
2024-10-07,Storage,16993.0
2024-10-14,Storage,15441.0
2024-10-21,Storage,16308.0
2024-10-28,Storage,15290.0
2024-11-04,Storage,14958.0
2024-11-11,Storage,14600.0
2024-11-18,Storage,13932.0
2024-11-25,Storage,14006.0
2024-12-02,Storage,14653.0
2024-12-09,Storage,12896.0
2024-12-16,Storage,11852.0
2024-12-23,Storage,12243.0
2024-12-30,Storage,13028.0
2025-01-06,Storage,13277.0
2025-01-13,Storage,12041.0
2025-01-20,Storage,12704.0
2025-01-27,Storage,12344.0
2025-02-03,Storage,12099.0
2025-02-10,Storage,11164.0
2025-02-17,Storage,11335.0
2025-02-24,Storage,11474.0
2025-03-03,Storage,11780.0
2025-03-10,Storage,11653.0
2025-03-17,Storage,11926.0
2025-03-24,Storage,11131.0
2025-03-31,Storage,11428.0
2025-04-07,Storage,10216.0
2025-04-14,Storage,10443.0
2025-04-21,Storage,10663.0
2025-04-28,Storage,11582.0
2025-05-05,Storage,11910.0
2025-05-12,Storage,10796.0
2025-05-19,Storage,11572.0
2025-05-26,Storage,12070.0
2025-06-02,Storage,11821.0
2025-06-09,Storage,10865.0
2025-06-16,Storage,11103.0
2025-06-23,Storage,10950.0
2025-06-30,Storage,12689.0
2025-07-07,Storage,13432.0
2025-07-14,Storage,12890.0
2025-07-21,Storage,13890.0
2025-07-28,Storage,12637.0
2025-08-04,Storage,14041.0
2025-08-11,Storage,13309.0
2025-08-18,Storage,12301.0
2025-08-25,Storage,12533.0
2025-09-01,Storage,13159.0
2025-09-08,Storage,13853.0
2025-09-15,Storage,14470.0
2025-09-22,Storage,14636.0
2025-09-29,Storage,15715.0
2025-10-06,Storage,16656.0
2025-10-13,Storage,18179.0
2025-10-20,Storage,19265.0
2025-10-27,Storage,18192.0
2025-11-03,Storage,16069.0
2025-11-10,Storage,17595.0
2025-11-17,Storage,18508.0
2025-11-24,Storage,19054.0
2025-12-01,Storage,16662.0
2025-12-08,Storage,14317.0
2025-12-15,Storage,11574.0
2025-12-22,Storage,12438.0
2025-12-29,Storage,13989.0
