employee_id,employee_name,job_title,manager_id
1,Anita Rao,Sales Head,
2,Vikram Singh,Sales Manager,1
3,Neha Kulkarni,Sales Executive,2
4,Rahul Mehta,Sales Executive,2
5,Farah Khan,Sales Executive,1
6,Arjun Nair,Regional Sales Manager (South),1
7,Pooja Desai,Regional Sales Manager (West),1
8,Sandeep Gill,Regional Sales Manager (North),1
9,Kavitha Reddy,Sales Executive,6
10,Irfan Sheikh,Sales Executive,6
11,Meenal Joshi,Sales Executive,7
12,Rohit Verma,Sales Executive,7
13,Divya Menon,Sales Executive,6
14,Aakash Jain,Sales Executive,8
15,Simran Kaur,Sales Executive,8
16,Tarun Bose,Sales Executive,7
