month,leads,marketing_spend,new_customers,cac,attributed_revenue,roas
2025-01,420,518896,49,10590.0,2262949.0,4.36
2025-02,390,484256,53,9137.0,2693280.0,5.56
2025-03,470,525922,75,7012.0,3873765.0,7.37
2025-04,510,554956,65,8538.0,3060735.0,5.52
2025-05,480,522505,73,7158.0,2793624.0,5.35
2025-06,340,377585,38,9936.0,1766207.0,4.68
2025-07,300,341529,46,7425.0,1768019.0,5.18
2025-08,410,485093,64,7580.0,2813409.0,5.8
2025-09,560,661445,76,8703.0,3609903.0,5.46
2025-10,690,693425,83,8355.0,3778189.0,5.45
2025-11,640,669940,90,7444.0,4255374.0,6.35
2025-12,460,449210,55,8167.0,2743057.0,6.11
