lead_id,region,company_size_band,days_since_signup,industry,lead_score
1,East,1,284,Retail,4
2,West,3,344,Wholesale,8
3,West,3,342,Hospitality,10
4,South,4,308,Hospitality,24
5,North,1,265,Retail,4
6,North,3,306,Hospitality,13
7,West,4,221,Retail,36
8,North,1,304,Retail,3
9,South,4,216,Hospitality,36
10,South,5,268,Hospitality,46
11,South,3,44,Hospitality,46
12,South,3,203,Retail,22
13,West,1,322,Hospitality,3
14,South,4,291,Hospitality,26
15,West,5,240,Hospitality,51
16,West,2,269,Hospitality,8
17,North,1,97,Retail,11
18,West,4,252,Hospitality,31
19,South,2,168,Retail,15
20,North,2,324,Hospitality,6
21,North,1,86,Retail,12
22,West,3,244,Hospitality,18
23,East,1,158,Hospitality,8
24,West,1,67,Retail,14
25,South,4,3,Retail,70
26,South,1,103,Hospitality,11
27,West,3,87,Wholesale,33
28,West,3,281,Wholesale,12
29,North,2,317,Retail,6
30,South,2,288,Retail,7
31,North,2,115,Retail,20
32,South,4,116,Retail,53
33,North,1,235,Wholesale,4
34,West,1,350,Retail,2
35,West,5,200,Hospitality,58
36,South,2,320,Retail,6
37,East,2,159,Wholesale,12
38,North,1,318,Retail,3
39,South,1,158,Wholesale,6
40,South,3,197,Retail,23
41,South,2,304,Hospitality,6
42,East,1,123,Retail,10
43,West,3,276,Wholesale,12
44,South,3,87,Retail,39
45,South,1,70,Retail,13
46,North,3,45,Retail,45
47,West,4,143,Wholesale,42
48,South,4,208,Retail,38
49,West,3,182,Retail,25
50,North,3,228,Retail,20
51,South,4,196,Hospitality,39
52,South,2,140,Retail,17
53,West,5,170,Wholesale,56
54,North,4,364,Hospitality,18
55,West,3,54,Wholesale,38
56,East,2,132,Wholesale,15
57,West,3,53,Retail,44
58,West,3,79,Hospitality,40
59,East,1,191,Hospitality,6
60,North,2,141,Wholesale,14
61,East,1,92,Retail,12
62,East,2,296,Hospitality,7
63,South,2,230,Wholesale,8
64,South,2,210,Hospitality,11
65,West,4,130,Retail,50
66,North,2,287,Retail,7
67,South,2,306,Retail,6
68,South,1,101,Retail,11
69,West,4,340,Retail,20
70,South,1,72,Retail,13
71,North,2,174,Wholesale,11
72,South,3,290,Wholesale,11
73,South,3,237,Hospitality,19
74,East,1,52,Hospitality,15
75,West,3,61,Hospitality,43
76,East,2,101,Retail,21
77,North,4,193,Retail,40
78,South,4,71,Wholesale,54
79,East,2,51,Hospitality,27
80,West,2,299,Wholesale,5
81,West,3,136,Retail,31
82,North,4,316,Retail,23
83,East,2,356,Hospitality,5
84,East,1,314,Retail,3
85,South,4,134,Wholesale,43
86,West,2,354,Retail,5
87,East,1,218,Hospitality,5
88,North,3,23,Retail,49
89,North,3,314,Retail,12
90,West,2,135,Hospitality,18
91,South,2,65,Hospitality,25
92,South,3,357,Retail,9
93,East,3,198,Retail,23
94,West,4,260,Retail,30
95,West,2,231,Wholesale,8
96,West,3,234,Retail,19
97,West,3,332,Retail,11
98,North,4,10,Retail,69
99,West,4,54,Wholesale,57
100,East,2,113,Wholesale,16
101,West,4,290,Wholesale,21
102,South,3,245,Wholesale,15
103,North,3,206,Retail,22
104,North,2,181,Retail,14
105,West,3,303,Hospitality,13
106,North,4,255,Hospitality,31
107,North,4,241,Retail,33
108,West,3,200,Wholesale,19
109,West,3,80,Wholesale,34
110,North,2,41,Retail,28
111,West,3,281,Hospitality,15
112,North,2,176,Hospitality,14
113,West,3,269,Hospitality,16
114,East,1,219,Hospitality,5
115,West,4,111,Hospitality,53
116,West,3,73,Retail,41
117,West,3,73,Wholesale,35
118,East,2,321,Wholesale,5
119,West,3,237,Wholesale,15
120,West,4,89,Hospitality,57
121,West,2,234,Retail,10
122,East,1,356,Retail,2
123,East,2,81,Retail,23
124,West,2,202,Hospitality,12
125,South,3,234,Hospitality,19
126,West,2,193,Retail,13
127,North,3,175,Retail,26
128,East,2,183,Hospitality,13
129,South,2,204,Retail,12
130,South,5,20,Hospitality,82
131,West,2,288,Wholesale,6
132,West,3,299,Wholesale,11
133,West,3,290,Retail,14
134,South,3,209,Wholesale,18
135,West,3,27,Wholesale,42
136,West,4,225,Hospitality,35
137,North,3,114,Hospitality,34
138,North,3,297,Retail,13
139,North,2,177,Hospitality,14
140,North,3,79,Wholesale,34
141,South,3,230,Wholesale,16
142,West,5,62,Wholesale,73
143,South,5,174,Retail,62
144,East,1,30,Retail,17
145,South,2,65,Retail,25
146,East,1,19,Wholesale,14
147,South,3,37,Wholesale,41
148,West,4,175,Hospitality,43
149,South,4,82,Retail,58
150,South,4,136,Retail,49
151,West,3,175,Wholesale,21
152,West,4,150,Hospitality,47
153,South,3,204,Retail,22
154,West,5,325,Hospitality,37
155,East,1,199,Hospitality,6
156,South,1,94,Hospitality,12
157,North,2,222,Hospitality,11
158,West,5,336,Wholesale,30
159,North,3,222,Retail,20
160,South,2,169,Hospitality,15
161,South,3,263,Hospitality,16
162,South,3,25,Hospitality,49
163,North,2,74,Retail,24
164,North,2,313,Hospitality,6
165,North,2,240,Retail,10
166,South,3,304,Retail,13
167,North,1,3,Hospitality,19
168,North,3,356,Retail,9
169,North,3,87,Retail,39
170,South,4,192,Wholesale,34
171,West,3,72,Wholesale,35
172,North,2,146,Retail,17
173,South,3,227,Wholesale,16
174,North,3,149,Retail,29
175,North,4,131,Hospitality,50
176,East,2,253,Hospitality,9
177,South,4,248,Retail,32
178,West,5,236,Wholesale,46
179,North,3,233,Wholesale,16
180,West,3,258,Retail,17
181,South,3,323,Hospitality,12
182,South,3,234,Retail,19
183,South,5,338,Retail,35
184,South,3,280,Wholesale,12
185,South,4,193,Retail,40
186,North,2,79,Wholesale,19
187,West,2,99,Retail,21
188,South,4,72,Wholesale,54
189,West,3,341,Hospitality,10
190,North,1,57,Retail,14
191,South,3,86,Retail,39
192,West,1,136,Retail,9
193,West,3,313,Hospitality,12
194,North,2,45,Retail,28
195,West,2,295,Retail,7
196,West,5,216,Retail,55
197,West,3,353,Wholesale,8
198,South,2,353,Retail,5
199,West,4,353,Retail,19
200,West,3,87,Retail,39
201,West,3,305,Wholesale,10
202,West,2,347,Hospitality,5
203,North,3,124,Retail,33
204,West,4,251,Hospitality,31
205,West,1,27,Wholesale,14
206,South,4,326,Hospitality,22
207,West,3,3,Retail,52
208,South,3,233,Hospitality,19
209,South,3,285,Hospitality,14
210,North,5,221,Hospitality,54
211,South,2,20,Retail,31
212,South,2,269,Hospitality,8
213,West,4,230,Hospitality,34
214,South,2,123,Retail,19
215,West,3,298,Wholesale,11
216,East,3,247,Retail,18
217,West,2,300,Retail,7
218,West,4,361,Retail,18
219,North,3,301,Retail,13
220,South,4,228,Retail,34
221,South,4,85,Hospitality,58
222,South,3,224,Wholesale,16
223,North,3,255,Retail,17
224,North,2,341,Retail,5
225,South,3,226,Hospitality,20
226,South,3,107,Retail,35
227,South,5,199,Wholesale,52
228,North,2,149,Hospitality,16
229,West,3,102,Hospitality,36
230,South,3,90,Retail,38
231,West,5,7,Wholesale,79
232,North,1,348,Wholesale,2
233,South,3,352,Hospitality,10
234,North,2,254,Retail,9
235,East,1,223,Retail,5
236,West,3,35,Wholesale,41
237,East,1,11,Retail,18
238,North,2,36,Wholesale,24
239,North,3,238,Retail,19
240,South,3,290,Hospitality,14
241,East,1,278,Hospitality,4
242,West,2,317,Wholesale,5
243,South,4,30,Retail,66
244,West,4,34,Hospitality,66
245,North,4,9,Hospitality,69
246,West,3,176,Wholesale,21
247,South,2,327,Hospitality,6
248,East,3,285,Retail,14
249,North,1,305,Hospitality,3
250,South,3,125,Retail,33
251,West,3,75,Wholesale,35
252,South,3,129,Retail,32
253,South,3,171,Retail,26
254,North,1,317,Hospitality,3
255,West,4,214,Wholesale,31
256,West,1,326,Wholesale,2
257,North,1,350,Retail,2
258,West,4,359,Hospitality,18
259,North,3,257,Retail,17
260,East,2,51,Retail,27
261,West,2,70,Hospitality,25
262,South,5,51,Retail,78
263,North,2,99,Retail,21
264,East,4,307,Retail,24
265,West,4,2,Wholesale,65
266,East,3,191,Retail,24
267,South,5,260,Wholesale,42
268,East,1,112,Hospitality,10
269,West,3,340,Wholesale,8
270,East,1,196,Hospitality,6
271,North,3,5,Hospitality,52
272,West,3,170,Hospitality,27
273,South,3,128,Retail,32
274,North,3,338,Hospitality,11
275,South,2,31,Hospitality,30
276,North,3,353,Retail,10
277,North,2,207,Retail,12
278,East,3,35,Retail,47
279,North,3,317,Hospitality,12
280,North,1,166,Hospitality,7
281,West,3,62,Hospitality,43
282,West,2,130,Retail,18
283,South,2,13,Retail,32
284,North,1,5,Hospitality,19
285,East,2,238,Hospitality,10
286,West,2,179,Retail,14
287,West,5,66,Retail,77
288,South,3,128,Hospitality,32
289,South,3,137,Wholesale,26
290,North,3,339,Retail,11
291,East,2,248,Hospitality,9
292,South,3,61,Wholesale,37
293,West,2,10,Retail,33
294,West,5,154,Retail,65
295,North,2,216,Hospitality,11
296,West,3,291,Hospitality,14
297,West,4,223,Retail,35
298,South,5,46,Wholesale,75
299,West,4,178,Retail,42
300,North,3,206,Retail,22
301,East,2,47,Wholesale,23
302,West,2,255,Retail,9
303,South,3,108,Hospitality,35
304,West,5,92,Retail,74
305,North,3,102,Hospitality,36
306,South,2,41,Retail,28
307,South,4,123,Hospitality,51
308,East,1,130,Retail,9
309,North,3,48,Wholesale,39
310,West,2,331,Wholesale,4
311,West,3,146,Wholesale,25
312,South,3,175,Hospitality,26
313,South,3,345,Retail,10
314,North,2,153,Retail,16
315,North,2,43,Retail,28
316,North,3,66,Wholesale,36
317,South,2,327,Retail,6
318,West,2,188,Retail,13
319,South,3,14,Retail,50
320,West,4,101,Retail,55
321,West,1,209,Retail,6
322,South,4,326,Retail,22
323,South,2,282,Hospitality,7
324,North,4,81,Retail,58
325,West,5,259,Retail,48
326,North,5,331,Hospitality,36
327,South,2,267,Hospitality,8
328,South,1,9,Retail,19
329,West,1,172,Retail,7
330,North,2,130,Hospitality,18
331,West,3,36,Hospitality,47
332,West,3,34,Hospitality,47
333,South,2,193,Hospitality,13
334,North,5,139,Retail,67
335,North,3,101,Hospitality,36
336,West,3,102,Retail,36
337,West,2,38,Retail,29
338,South,3,62,Retail,43
339,East,2,265,Hospitality,8
340,South,3,260,Wholesale,13
341,South,2,200,Retail,12
342,East,1,347,Retail,2
343,North,2,152,Hospitality,16
344,West,1,57,Retail,14
345,South,2,158,Hospitality,15
346,South,4,291,Hospitality,26
347,West,3,26,Wholesale,42
348,South,1,323,Retail,3
349,East,4,316,Hospitality,23
350,West,3,186,Wholesale,20
351,West,4,150,Retail,47
352,North,3,322,Retail,12
353,North,4,23,Retail,67
354,South,4,46,Wholesale,58
355,South,2,57,Hospitality,26
356,South,1,64,Retail,14
357,West,3,316,Hospitality,12
358,East,2,253,Retail,9
359,South,3,16,Retail,50
360,West,4,324,Retail,22
361,South,1,224,Hospitality,5
362,South,3,102,Retail,36
363,West,3,211,Retail,22
364,North,4,91,Wholesale,51
365,South,2,339,Retail,5
366,South,2,315,Hospitality,6
367,East,1,229,Retail,5
368,North,2,262,Retail,8
369,North,2,84,Retail,23
370,West,4,334,Retail,21
371,North,3,44,Retail,45
372,South,4,169,Wholesale,38
373,West,3,165,Wholesale,23
374,South,3,219,Wholesale,17
375,South,4,237,Wholesale,28
376,West,3,361,Wholesale,7
377,North,3,14,Retail,50
378,West,4,67,Retail,61
379,West,5,316,Hospitality,39
380,East,1,93,Wholesale,9
381,South,1,186,Retail,7
382,North,3,159,Wholesale,23
383,North,1,71,Retail,13
384,North,2,317,Wholesale,5
385,East,3,274,Retail,15
386,South,1,77,Wholesale,10
387,North,2,77,Retail,24
388,North,4,4,Retail,70
389,West,4,217,Retail,36
390,North,1,71,Retail,13
391,North,2,327,Retail,6
392,North,2,272,Hospitality,8
393,North,4,52,Wholesale,57
394,South,3,240,Hospitality,19
395,West,3,14,Retail,50
396,West,4,164,Retail,45
397,South,2,139,Hospitality,17
398,East,2,120,Retail,19
399,North,2,340,Wholesale,4
400,West,4,112,Retail,53
401,South,3,116,Hospitality,34
402,South,3,231,Retail,19
403,West,2,300,Retail,7
404,South,4,272,Hospitality,28
405,North,3,53,Retail,44
406,West,5,287,Wholesale,37
407,West,2,154,Hospitality,16
408,South,1,263,Retail,4
409,East,1,296,Hospitality,3
410,West,5,195,Wholesale,52
411,West,2,349,Hospitality,5
412,East,2,299,Retail,7
413,North,2,238,Retail,10
414,West,2,8,Wholesale,28
415,West,2,197,Hospitality,12
416,South,2,40,Retail,29
417,West,4,14,Retail,69
418,North,3,41,Wholesale,40
419,North,3,77,Hospitality,40
420,North,4,276,Wholesale,23
421,West,5,236,Retail,52
422,East,4,289,Wholesale,22
423,North,3,197,Wholesale,19
424,West,3,120,Hospitality,34
425,East,2,259,Retail,9
426,West,3,27,Retail,48
427,West,3,108,Wholesale,30
428,East,2,128,Wholesale,15
429,East,2,307,Wholesale,5
430,South,5,5,Retail,83
431,South,2,271,Retail,8
432,West,4,272,Retail,28
433,West,2,213,Retail,11
434,South,3,118,Retail,34
435,South,3,26,Wholesale,42
436,East,4,124,Hospitality,51
437,North,3,55,Retail,44
438,North,4,241,Retail,33
439,South,2,116,Hospitality,19
440,West,4,199,Retail,39
441,West,1,48,Retail,15
442,South,2,124,Retail,19
443,East,1,59,Retail,14
444,West,2,93,Retail,22
445,East,3,247,Retail,18
446,South,3,304,Hospitality,13
447,North,2,23,Retail,31
448,South,3,235,Wholesale,16
449,West,1,105,Retail,11
450,East,1,47,Hospitality,15
451,West,4,318,Retail,22
452,West,2,248,Hospitality,9
453,West,2,7,Wholesale,28
454,East,3,171,Retail,26
455,West,4,29,Hospitality,66
456,North,1,184,Retail,7
457,West,3,39,Hospitality,46
458,North,2,89,Hospitality,22
459,South,2,124,Hospitality,19
460,South,3,243,Retail,18
461,West,3,36,Hospitality,47
462,East,1,75,Retail,13
463,South,4,257,Hospitality,30
464,West,3,16,Hospitality,50
465,East,4,88,Hospitality,57
466,North,3,37,Hospitality,47
467,West,3,209,Retail,22
468,North,2,353,Retail,5
469,West,2,140,Retail,17
470,West,3,349,Wholesale,8
471,North,4,163,Retail,45
472,South,2,67,Hospitality,25
473,West,4,278,Wholesale,23
474,East,3,61,Retail,43
475,South,3,326,Wholesale,9
476,North,2,46,Hospitality,28
477,West,3,196,Retail,23
478,South,4,51,Wholesale,57
479,North,4,128,Retail,51
480,North,4,33,Retail,66
481,South,3,336,Retail,11
482,West,2,162,Retail,15
483,West,3,82,Retail,39
484,East,1,95,Retail,11
485,North,2,47,Retail,28
486,East,2,254,Wholesale,7
487,West,4,59,Retail,62
488,North,3,331,Hospitality,11
489,South,3,90,Hospitality,38
490,West,3,255,Retail,17
491,South,2,197,Wholesale,10
492,South,5,98,Retail,73
493,West,3,200,Retail,23
494,North,2,119,Hospitality,19
495,South,2,297,Retail,7
496,West,4,286,Wholesale,22
497,South,4,316,Retail,23
498,South,3,5,Wholesale,46
499,North,3,228,Retail,20
500,East,2,85,Hospitality,23
501,West,4,319,Retail,22
502,South,3,188,Retail,24
503,East,1,37,Retail,16
504,South,2,1,Hospitality,34
505,South,2,271,Wholesale,6
506,North,4,316,Hospitality,23
507,North,1,12,Wholesale,15
508,North,2,230,Wholesale,8
509,East,2,16,Retail,32
510,West,5,209,Retail,56
511,West,4,222,Retail,35
512,East,1,181,Retail,7
513,West,3,235,Wholesale,16
514,West,2,332,Retail,5
515,West,4,86,Retail,57
516,West,2,44,Wholesale,23
517,West,3,297,Hospitality,13
518,West,3,24,Hospitality,49
519,South,4,290,Hospitality,26
520,East,2,184,Retail,13
521,East,1,55,Retail,14
522,South,5,157,Wholesale,59
523,West,2,181,Hospitality,14
524,South,2,268,Hospitality,8
525,East,1,247,Hospitality,5
526,East,1,286,Retail,4
527,South,4,137,Retail,49
528,East,1,244,Retail,5
529,West,2,321,Wholesale,5
530,North,2,221,Hospitality,11
531,South,2,242,Hospitality,9
532,South,4,75,Retail,59
533,West,2,42,Retail,28
534,West,2,225,Hospitality,10
535,North,2,109,Hospitality,20
536,West,3,20,Retail,49
537,West,4,103,Retail,55
538,North,4,305,Retail,24
539,West,4,302,Retail,24
540,North,2,217,Retail,11
541,West,3,285,Retail,14
542,North,2,334,Retail,5
543,South,3,44,Retail,45
544,North,2,172,Retail,14
545,South,2,221,Retail,11
546,South,1,89,Wholesale,10
547,West,2,88,Wholesale,19
548,North,3,85,Hospitality,39
549,West,3,237,Retail,19
550,West,3,292,Retail,14
551,South,2,296,Hospitality,7
552,South,3,141,Hospitality,31
553,West,2,144,Retail,17
554,West,3,24,Retail,49
555,East,1,299,Wholesale,3
556,South,4,362,Retail,18
557,West,2,329,Retail,6
558,West,4,162,Hospitality,45
559,East,3,121,Retail,33
560,East,2,83,Wholesale,19
561,South,3,301,Wholesale,11
562,West,4,82,Hospitality,58
563,West,2,325,Retail,6
564,North,2,7,Wholesale,28
565,South,4,130,Wholesale,44
566,South,2,230,Retail,10
567,West,4,239,Hospitality,33
568,South,4,202,Hospitality,39
569,South,2,212,Retail,11
570,North,2,31,Wholesale,25
571,East,1,233,Retail,5
572,East,1,287,Retail,3
573,North,3,123,Wholesale,28
574,South,5,259,Retail,48
575,West,2,112,Wholesale,16
576,West,2,326,Retail,6
577,West,2,40,Wholesale,24
578,South,3,186,Retail,25
579,West,3,303,Wholesale,10
580,North,3,217,Retail,21
581,South,2,186,Wholesale,11
582,South,4,64,Wholesale,55
583,West,3,317,Retail,12
584,West,3,342,Wholesale,8
585,North,3,269,Hospitality,16
586,West,3,50,Hospitality,45
587,East,1,203,Wholesale,5
588,East,3,313,Retail,12
589,West,2,112,Hospitality,20
590,East,2,311,Retail,6
591,East,1,302,Hospitality,3
592,South,5,56,Retail,78
593,South,3,27,Retail,48
594,South,4,276,Hospitality,28
595,South,4,10,Wholesale,64
596,West,4,158,Retail,46
597,South,4,21,Hospitality,68
598,South,2,12,Retail,33
599,South,2,229,Wholesale,8
600,East,2,38,Retail,29
601,South,4,223,Retail,35
602,North,4,167,Retail,44
603,South,3,25,Retail,49
604,North,4,140,Retail,49
605,West,3,152,Retail,29
606,East,1,54,Wholesale,12
607,South,3,198,Retail,23
608,West,2,229,Wholesale,8
609,South,4,313,Retail,23
610,South,3,263,Hospitality,16
611,South,4,261,Hospitality,30
612,North,2,106,Retail,21
613,West,2,327,Retail,6
614,South,4,192,Hospitality,40
615,West,1,80,Retail,13
616,South,3,19,Retail,50
617,West,5,278,Retail,45
618,South,3,109,Retail,35
619,South,4,290,Hospitality,26
620,South,3,165,Hospitality,27
621,North,2,206,Retail,12
622,North,2,1,Retail,34
623,West,4,57,Hospitality,62
624,West,3,136,Wholesale,26
625,South,2,284,Hospitality,7
626,West,1,96,Retail,11
627,West,4,244,Hospitality,32
628,South,2,235,Wholesale,8
629,West,4,362,Retail,18
630,North,3,343,Hospitality,10
631,East,1,258,Retail,4
632,South,2,139,Hospitality,17
633,West,4,128,Retail,51
634,South,3,329,Retail,11
635,West,2,122,Hospitality,19
636,South,2,38,Wholesale,24
637,West,5,60,Retail,77
638,North,3,73,Retail,41
639,South,3,233,Retail,19
640,East,2,270,Retail,8
641,East,2,86,Retail,23
642,West,3,19,Retail,50
643,South,3,150,Retail,29
644,West,3,319,Hospitality,12
645,South,1,364,Retail,2
646,North,1,98,Wholesale,9
647,West,4,257,Wholesale,25
648,West,4,237,Retail,33
649,North,2,163,Wholesale,12
650,North,4,55,Retail,62
651,East,1,64,Retail,14
652,North,1,295,Retail,3
653,West,2,337,Retail,5
654,West,2,40,Retail,29
655,West,3,243,Wholesale,15
656,North,4,12,Retail,69
657,East,4,332,Wholesale,17
658,West,4,359,Wholesale,15
659,South,3,310,Wholesale,10
660,East,1,252,Retail,4
661,South,3,307,Retail,13
662,North,2,197,Wholesale,10
663,West,4,259,Retail,30
664,West,2,333,Hospitality,5
665,West,2,109,Hospitality,20
666,North,1,362,Retail,2
667,South,4,96,Wholesale,50
668,North,3,300,Retail,13
669,West,3,256,Retail,17
670,South,3,286,Wholesale,12
671,North,1,94,Hospitality,12
672,East,1,136,Hospitality,9
673,North,3,361,Hospitality,9
674,South,3,105,Retail,36
675,North,2,124,Wholesale,15
676,East,1,290,Retail,3
677,West,3,123,Wholesale,28
678,North,2,334,Wholesale,4
679,North,3,172,Retail,26
680,West,4,312,Retail,23
681,North,2,11,Wholesale,28
682,North,3,350,Wholesale,8
683,North,1,337,Wholesale,2
684,South,2,260,Wholesale,7
685,South,2,55,Retail,27
686,South,5,253,Wholesale,43
687,South,2,90,Wholesale,18
688,East,2,180,Retail,14
689,North,3,132,Hospitality,32
690,East,4,181,Hospitality,42
691,South,3,163,Hospitality,27
692,West,3,355,Hospitality,10
693,West,3,270,Retail,16
694,East,2,156,Retail,16
695,West,3,114,Retail,34
696,West,2,325,Retail,6
697,West,3,180,Wholesale,21
698,West,3,79,Wholesale,34
699,South,4,17,Retail,68
700,West,3,352,Retail,10
701,North,3,124,Retail,33
702,North,3,125,Wholesale,28
703,North,1,198,Retail,6
704,South,3,93,Retail,38
705,South,3,319,Retail,12
706,South,3,115,Retail,34
707,East,3,292,Retail,14
708,West,2,71,Wholesale,20
709,South,2,227,Wholesale,8
710,East,2,199,Wholesale,10
711,West,3,45,Wholesale,39
712,East,1,20,Retail,18
713,South,1,101,Hospitality,11
714,South,3,337,Wholesale,9
715,East,2,343,Hospitality,5
716,West,2,148,Retail,16
717,West,4,88,Wholesale,51
718,North,1,285,Hospitality,4
719,South,4,298,Wholesale,21
720,West,5,301,Retail,41
721,West,3,190,Retail,24
722,South,3,297,Retail,13
723,South,3,18,Retail,50
724,North,4,228,Retail,34
725,South,2,35,Retail,29
726,South,3,6,Retail,52
727,East,2,49,Wholesale,23
728,North,3,153,Wholesale,24
729,East,3,181,Wholesale,21
730,East,2,39,Retail,29
731,West,3,45,Wholesale,39
732,West,2,275,Retail,8
733,South,5,95,Retail,73
734,North,1,119,Retail,10
735,West,2,257,Retail,9
736,South,5,190,Retail,59
737,North,3,336,Wholesale,9
738,West,5,91,Hospitality,74
739,West,4,317,Hospitality,23
740,South,3,51,Wholesale,38
741,East,1,364,Hospitality,2
742,East,1,206,Retail,6
743,West,2,176,Retail,14
744,West,4,243,Hospitality,32
745,South,2,169,Hospitality,15
746,North,2,280,Hospitality,8
747,North,3,83,Wholesale,34
748,East,2,22,Retail,31
749,West,3,222,Retail,20
750,North,3,259,Retail,17
751,North,2,195,Retail,12
752,East,1,340,Retail,2
753,West,2,336,Retail,5
754,North,2,133,Hospitality,18
755,East,3,197,Retail,23
756,West,3,279,Retail,15
757,West,2,196,Wholesale,10
758,West,3,277,Hospitality,15
759,East,2,333,Retail,5
760,North,3,92,Retail,38
761,East,1,245,Wholesale,4
762,West,2,226,Hospitality,10
763,East,3,94,Retail,37
764,East,2,268,Retail,8
765,West,1,177,Retail,7
766,West,4,74,Hospitality,59
767,West,3,153,Hospitality,29
768,North,5,158,Retail,64
769,North,3,210,Retail,22
770,North,3,69,Hospitality,41
771,North,2,312,Wholesale,5
772,South,4,152,Retail,47
773,East,2,322,Hospitality,6
774,North,1,37,Retail,16
775,North,2,239,Hospitality,10
776,West,1,222,Retail,5
777,East,3,90,Wholesale,32
778,North,2,69,Retail,25
779,West,2,24,Hospitality,31
780,West,3,357,Retail,9
781,South,3,30,Retail,48
782,South,4,338,Retail,20
783,West,3,289,Retail,14
784,East,1,279,Retail,4
785,West,4,287,Retail,26
786,East,1,157,Retail,8
787,South,3,121,Wholesale,28
788,South,2,12,Retail,33
789,North,4,209,Hospitality,37
790,East,2,22,Wholesale,26
791,West,3,154,Retail,29
792,East,3,116,Retail,34
793,West,5,331,Retail,36
794,West,3,239,Retail,19
795,West,3,226,Retail,20
796,West,3,119,Hospitality,34
797,South,1,28,Wholesale,14
798,North,3,132,Wholesale,27
799,West,4,100,Retail,55
800,East,4,107,Retail,54
801,West,4,72,Wholesale,54
802,West,4,224,Retail,35
803,South,3,317,Retail,12
804,North,3,88,Retail,38
805,North,2,38,Retail,29
806,West,1,186,Retail,7
807,North,2,339,Hospitality,5
808,South,2,294,Hospitality,7
809,South,3,134,Retail,31
810,West,3,40,Hospitality,46
811,South,3,195,Retail,23
812,North,4,275,Hospitality,28
813,West,4,159,Hospitality,45
814,South,2,93,Wholesale,18
815,West,3,248,Retail,18
816,South,2,305,Wholesale,5
817,North,2,13,Retail,32
818,West,4,176,Retail,43
819,West,3,220,Retail,21
820,South,1,347,Retail,2
821,North,2,258,Retail,9
822,West,4,65,Retail,61
823,East,4,90,Retail,57
824,East,3,141,Retail,30
825,South,5,189,Retail,59
826,North,3,177,Retail,26
827,West,3,50,Retail,44
828,South,2,254,Wholesale,7
829,East,3,185,Retail,25
830,South,4,79,Wholesale,53
831,West,4,260,Retail,30
832,South,4,360,Hospitality,18
833,North,3,31,Retail,48
834,West,2,150,Hospitality,16
835,West,3,32,Wholesale,41
836,West,4,295,Retail,25
837,West,3,344,Wholesale,8
838,South,2,77,Retail,24
839,West,1,84,Retail,12
840,West,2,82,Retail,23
841,South,3,68,Retail,42
842,South,3,316,Hospitality,12
843,East,1,70,Retail,13
844,South,3,138,Retail,31
845,West,2,362,Retail,4
846,West,3,265,Retail,16
847,North,3,338,Wholesale,8
848,East,1,329,Hospitality,3
849,North,3,157,Wholesale,24
850,East,2,70,Retail,25
851,South,4,303,Retail,24
852,South,3,139,Wholesale,26
853,South,3,197,Wholesale,19
854,North,2,13,Retail,32
855,South,3,338,Wholesale,8
856,South,3,332,Retail,11
857,North,1,80,Hospitality,13
858,North,3,273,Retail,15
859,South,3,270,Retail,16
860,South,5,66,Hospitality,77
861,North,3,318,Retail,12
862,West,4,279,Retail,27
863,East,4,306,Hospitality,24
864,South,4,248,Retail,32
865,North,1,309,Retail,3
866,North,3,215,Retail,21
867,North,2,121,Retail,19
868,South,3,2,Retail,52
869,South,3,114,Wholesale,29
870,North,3,264,Retail,16
871,West,3,164,Wholesale,23
872,South,2,184,Retail,13
873,East,3,244,Retail,18
874,East,3,165,Wholesale,23
875,South,2,324,Retail,6
876,East,2,134,Retail,18
877,East,1,324,Retail,3
878,North,1,149,Retail,8
879,North,1,216,Retail,5
880,West,3,176,Retail,26
881,North,1,8,Retail,19
882,West,4,172,Retail,43
883,South,4,67,Wholesale,55
884,West,1,126,Hospitality,10
885,East,1,143,Retail,9
886,South,5,118,Wholesale,65
887,North,3,179,Retail,25
888,South,2,228,Retail,10
889,West,4,350,Hospitality,19
890,West,3,24,Hospitality,49
891,West,2,210,Retail,11
892,South,3,15,Retail,50
893,West,3,337,Retail,11
894,West,2,175,Hospitality,14
895,West,4,237,Retail,33
896,South,2,5,Hospitality,34
897,North,2,141,Retail,17
898,East,1,260,Hospitality,4
899,South,2,283,Retail,7
900,South,3,226,Retail,20
901,South,3,269,Wholesale,13
902,East,2,206,Wholesale,9
903,South,3,252,Hospitality,17
904,South,1,330,Retail,3
905,South,3,308,Retail,13
906,South,1,327,Retail,3
907,West,2,92,Wholesale,18
908,East,1,332,Retail,3
909,West,4,37,Retail,65
910,West,1,48,Hospitality,15
911,East,3,215,Retail,21
912,West,2,261,Wholesale,7
913,North,1,19,Retail,18
914,North,1,141,Wholesale,7
915,North,2,306,Hospitality,6
916,North,2,40,Retail,29
917,South,4,125,Retail,51
918,West,3,338,Retail,11
919,West,4,147,Retail,47
920,South,3,275,Hospitality,15
921,West,4,62,Hospitality,61
922,East,2,159,Hospitality,15
923,South,3,296,Retail,14
924,North,2,175,Retail,14
925,South,2,356,Retail,5
926,North,3,268,Retail,16
927,South,3,38,Wholesale,40
928,East,1,187,Retail,7
929,North,3,221,Retail,20
930,West,5,87,Retail,74
931,East,1,200,Retail,6
932,West,4,14,Hospitality,69
933,South,2,148,Wholesale,13
934,West,3,129,Hospitality,32
935,South,5,267,Hospitality,47
936,North,2,288,Retail,7
937,West,5,157,Retail,64
938,West,5,305,Retail,40
939,West,1,241,Retail,5
940,West,3,332,Wholesale,9
941,West,2,97,Retail,22
942,South,3,66,Retail,42
943,West,2,306,Wholesale,5
944,West,4,314,Retail,23
945,East,2,185,Hospitality,13
946,North,3,109,Retail,35
947,South,4,321,Hospitality,22
948,West,5,155,Hospitality,65
949,South,4,174,Retail,43
950,West,4,358,Wholesale,15
951,North,3,272,Hospitality,16
952,North,1,8,Retail,19
953,East,4,126,Wholesale,45
954,South,4,61,Hospitality,62
955,South,3,272,Retail,15
956,East,1,330,Retail,3
957,North,2,170,Retail,14
958,South,2,314,Retail,6
959,West,4,320,Retail,22
960,East,2,66,Wholesale,21
961,South,3,229,Wholesale,16
962,North,2,83,Wholesale,19
963,West,3,127,Retail,32
964,West,5,49,Retail,79
965,North,3,13,Wholesale,45
966,West,3,35,Wholesale,41
967,West,4,266,Hospitality,29
968,East,1,181,Wholesale,5
969,West,5,27,Retail,81
970,East,1,295,Hospitality,3
971,South,3,51,Wholesale,38
972,North,2,217,Retail,11
973,South,1,346,Retail,2
974,North,1,92,Hospitality,12
975,East,4,285,Hospitality,27
976,South,5,113,Retail,71
977,South,3,254,Wholesale,14
978,West,2,19,Wholesale,26
979,North,3,121,Retail,33
980,West,3,205,Retail,22
981,East,2,126,Retail,18
982,South,3,252,Wholesale,14
983,West,2,257,Wholesale,7
984,South,1,277,Hospitality,4
985,South,3,64,Retail,42
986,West,3,354,Hospitality,10
987,West,2,349,Retail,5
988,West,3,299,Retail,13
989,South,4,84,Retail,58
990,South,2,181,Retail,14
991,West,3,29,Hospitality,48
992,West,3,50,Wholesale,39
993,East,4,324,Retail,22
994,North,5,17,Retail,82
995,West,3,260,Retail,17
996,East,1,340,Retail,2
997,West,2,151,Wholesale,13
998,West,4,46,Retail,64
999,East,1,111,Wholesale,8
1000,South,3,223,Wholesale,17
1001,South,3,104,Retail,36
1002,West,3,86,Retail,39
1003,West,2,142,Hospitality,17
1004,West,3,149,Hospitality,29
1005,North,4,262,Retail,30
1006,South,4,85,Retail,58
1007,West,3,264,Wholesale,13
1008,North,3,189,Retail,24
1009,South,2,224,Wholesale,8
1010,South,3,290,Hospitality,14
1011,West,3,231,Retail,19
1012,West,5,65,Retail,77
1013,West,3,108,Hospitality,35
1014,East,4,256,Retail,30
1015,South,5,314,Hospitality,39
1016,East,2,318,Hospitality,6
1017,North,2,5,Wholesale,28
1018,East,2,272,Wholesale,6
1019,North,4,298,Retail,25
1020,West,3,82,Wholesale,34
1021,South,2,204,Retail,12
1022,West,3,237,Wholesale,15
1023,West,2,228,Hospitality,10
1024,West,3,199,Retail,23
1025,West,2,107,Hospitality,20
1026,West,4,251,Retail,31
1027,West,4,342,Wholesale,16
1028,East,2,263,Retail,8
1029,East,2,301,Hospitality,7
1030,North,4,149,Wholesale,41
1031,West,2,269,Hospitality,8
1032,North,3,129,Hospitality,32
1033,West,4,280,Wholesale,23
1034,West,3,236,Retail,19
1035,East,2,131,Retail,18
1036,West,3,347,Retail,10
1037,East,1,38,Hospitality,16
1038,North,3,308,Retail,13
1039,North,2,130,Retail,18
1040,North,3,125,Wholesale,28
1041,West,3,320,Wholesale,9
1042,West,3,213,Retail,21
1043,West,3,10,Hospitality,51
1044,South,3,198,Hospitality,23
1045,West,2,13,Retail,32
1046,East,1,334,Retail,3
1047,North,4,85,Wholesale,52
1048,West,3,128,Hospitality,32
1049,West,3,364,Wholesale,7
1050,North,2,139,Hospitality,17
1051,South,4,95,Wholesale,50
1052,South,2,320,Wholesale,5
1053,South,3,8,Hospitality,52
1054,West,3,86,Hospitality,39
1055,North,2,250,Retail,9
1056,South,2,118,Retail,19
1057,South,3,306,Retail,13
1058,South,3,25,Hospitality,49
1059,West,4,22,Retail,67
1060,South,4,175,Wholesale,37
1061,West,4,203,Hospitality,38
1062,West,3,16,Wholesale,44
1063,South,3,7,Retail,52
1064,West,3,267,Retail,16
1065,East,2,184,Retail,13
1066,South,1,293,Hospitality,3
1067,North,2,279,Retail,8
1068,North,2,136,Retail,17
1069,South,1,58,Retail,14
1070,West,3,162,Hospitality,28
1071,South,3,19,Hospitality,50
1072,West,2,136,Retail,17
1073,West,2,92,Wholesale,18
1074,West,3,325,Wholesale,9
1075,South,3,320,Hospitality,12
1076,North,2,56,Hospitality,26
1077,South,2,114,Retail,20
1078,West,3,216,Retail,21
1079,East,1,168,Retail,7
1080,West,5,62,Retail,77
1081,North,3,49,Wholesale,39
1082,West,5,246,Hospitality,50
1083,South,2,172,Retail,14
1084,West,3,348,Wholesale,8
1085,West,3,275,Retail,15
1086,South,2,358,Retail,5
1087,South,4,8,Hospitality,69
1088,North,2,274,Wholesale,6
1089,West,4,244,Retail,32
1090,East,2,272,Retail,8
1091,South,3,196,Wholesale,19
1092,South,4,342,Hospitality,20
1093,West,4,1,Retail,70
1094,South,5,93,Retail,73
1095,East,1,234,Retail,5
1096,North,3,330,Hospitality,11
1097,West,2,20,Retail,31
1098,South,2,320,Retail,6
1099,West,4,175,Retail,43
1100,West,5,182,Retail,60
1101,East,3,47,Retail,45
1102,West,4,159,Wholesale,39
1103,East,1,106,Retail,11
1104,South,1,92,Hospitality,12
1105,North,2,350,Wholesale,4
1106,South,3,89,Wholesale,33
1107,South,2,33,Wholesale,25
1108,South,3,186,Retail,25
1109,North,2,171,Wholesale,12
1110,North,3,189,Hospitality,24
1111,East,2,8,Retail,33
1112,South,4,178,Hospitality,42
1113,West,2,72,Hospitality,24
1114,East,2,102,Retail,21
1115,South,1,263,Wholesale,3
1116,West,4,108,Hospitality,54
1117,South,2,361,Retail,5
1118,South,4,64,Retail,61
1119,West,1,275,Retail,4
1120,South,3,278,Retail,15
1121,West,3,14,Retail,50
1122,North,1,38,Retail,16
1123,West,4,266,Wholesale,24
1124,South,3,284,Wholesale,12
1125,East,2,269,Wholesale,6
1126,West,4,313,Hospitality,23
1127,South,3,129,Retail,32
1128,South,4,266,Retail,29
1129,North,2,301,Retail,7
1130,West,4,82,Retail,58
1131,South,4,187,Wholesale,35
1132,South,2,224,Retail,11
1133,West,3,212,Hospitality,21
1134,North,2,321,Wholesale,5
1135,East,3,135,Wholesale,26
1136,West,3,14,Retail,50
1137,South,4,246,Wholesale,27
1138,North,3,12,Retail,51
1139,North,4,142,Retail,48
1140,East,2,192,Wholesale,10
1141,South,3,174,Retail,26
1142,North,2,250,Wholesale,7
1143,North,3,276,Hospitality,15
1144,West,3,311,Retail,12
1145,North,2,278,Retail,8
1146,South,2,356,Retail,5
1147,North,3,290,Hospitality,14
1148,North,2,258,Wholesale,7
1149,North,3,128,Retail,32
1150,West,3,195,Wholesale,19
1151,South,3,85,Wholesale,33
1152,East,2,305,Hospitality,6
1153,South,3,253,Retail,17
1154,North,1,39,Hospitality,16
1155,South,2,46,Wholesale,23
1156,West,2,205,Retail,12
1157,West,4,76,Wholesale,53
1158,South,1,41,Retail,16
1159,North,3,162,Wholesale,23
1160,South,2,347,Wholesale,4
1161,East,3,335,Retail,11
1162,North,1,197,Wholesale,5
1163,North,1,180,Retail,7
1164,North,3,114,Retail,34
1165,North,2,59,Retail,26
1166,South,3,130,Retail,32
1167,North,3,192,Wholesale,20
1168,West,3,143,Retail,30
1169,East,1,320,Hospitality,3
1170,West,4,208,Wholesale,32
1171,South,3,100,Retail,37
1172,South,2,64,Retail,25
1173,North,2,217,Hospitality,11
1174,West,1,79,Hospitality,13
1175,West,3,122,Hospitality,33
1176,South,3,16,Retail,50
1177,North,2,28,Hospitality,30
1178,South,3,289,Retail,14
1179,South,3,1,Hospitality,53
1180,West,1,52,Retail,15
1181,West,5,268,Retail,46
1182,South,2,82,Wholesale,19
1183,South,1,250,Hospitality,4
1184,South,3,319,Retail,12
1185,West,3,105,Hospitality,36
1186,West,3,6,Retail,52
1187,West,2,247,Hospitality,9
1188,East,1,246,Retail,5
1189,South,3,254,Retail,17
1190,North,3,85,Wholesale,33
1191,North,1,343,Hospitality,2
1192,East,1,266,Retail,4
1193,South,2,107,Retail,20
1194,West,3,64,Retail,42
1195,South,3,132,Hospitality,32
1196,West,3,61,Wholesale,37
1197,South,4,293,Retail,25
1198,West,5,218,Hospitality,55
1199,North,2,109,Retail,20
1200,South,3,190,Retail,24
1201,East,1,266,Hospitality,4
1202,West,4,93,Hospitality,56
1203,South,2,322,Retail,6
1204,South,3,65,Retail,42
1205,South,2,175,Hospitality,14
1206,North,3,231,Retail,19
1207,West,2,163,Retail,15
1208,East,3,297,Retail,13
1209,East,2,139,Retail,17
1210,West,5,278,Wholesale,39
1211,East,2,103,Retail,21
1212,North,1,208,Retail,6
1213,East,3,112,Retail,35
1214,West,4,30,Hospitality,66
1215,South,4,334,Wholesale,17
1216,North,3,360,Hospitality,9
1217,West,4,164,Hospitality,45
1218,West,3,294,Retail,14
1219,East,2,313,Hospitality,6
1220,South,5,97,Hospitality,73
1221,North,3,75,Hospitality,40
1222,South,2,302,Hospitality,7
1223,West,3,361,Hospitality,9
1224,West,2,314,Wholesale,5
1225,West,4,146,Hospitality,48
1226,West,2,336,Retail,5
1227,East,2,224,Wholesale,8
1228,West,2,174,Wholesale,11
1229,West,4,314,Hospitality,23
1230,East,1,326,Hospitality,3
1231,West,3,309,Retail,13
1232,West,3,67,Retail,42
1233,West,4,296,Wholesale,21
1234,North,3,27,Retail,48
1235,North,2,40,Retail,29
1236,South,3,128,Hospitality,32
1237,North,2,135,Retail,18
1238,North,3,257,Wholesale,14
1239,East,2,141,Retail,17
1240,North,1,94,Retail,12
1241,South,4,1,Retail,70
1242,South,3,27,Retail,48
1243,West,3,292,Wholesale,11
1244,East,1,69,Retail,13
1245,West,4,258,Hospitality,30
1246,West,5,319,Hospitality,38
1247,South,5,69,Retail,76
1248,West,2,173,Hospitality,14
1249,South,2,107,Hospitality,20
1250,West,5,218,Retail,55
1251,South,4,359,Retail,18
1252,South,3,288,Wholesale,11
1253,South,3,324,Retail,11
1254,South,2,196,Wholesale,10
1255,East,1,103,Retail,11
1256,East,2,140,Wholesale,14
1257,West,5,251,Hospitality,49
1258,South,2,65,Wholesale,21
1259,West,2,237,Retail,10
1260,West,3,228,Wholesale,16
1261,South,4,228,Hospitality,35
1262,West,1,345,Retail,2
1263,North,2,162,Hospitality,15
1264,West,3,130,Retail,32
1265,South,4,250,Retail,31
1266,North,3,17,Retail,50
1267,West,3,161,Retail,28
1268,North,4,296,Hospitality,25
1269,South,2,66,Wholesale,21
1270,West,2,14,Hospitality,32
1271,West,5,49,Wholesale,74
1272,North,1,269,Wholesale,3
1273,West,2,249,Retail,9
1274,East,4,135,Retail,49
1275,West,2,263,Wholesale,7
1276,North,2,319,Hospitality,6
1277,South,1,51,Wholesale,12
1278,North,2,146,Retail,17
1279,West,3,70,Hospitality,41
1280,West,5,189,Hospitality,59
1281,South,2,227,Hospitality,10
1282,West,3,143,Wholesale,25
1283,West,4,196,Retail,39
1284,West,3,277,Retail,15
1285,West,3,304,Retail,13
1286,West,3,20,Hospitality,50
1287,West,3,206,Hospitality,22
1288,North,1,143,Wholesale,7
1289,South,1,16,Hospitality,18
1290,East,2,222,Hospitality,11
1291,North,2,263,Wholesale,7
1292,West,4,117,Retail,52
1293,West,4,173,Wholesale,37
1294,West,2,280,Retail,8
1295,West,3,353,Retail,10
1296,West,1,120,Hospitality,10
1297,West,4,125,Wholesale,45
1298,North,2,363,Retail,4
1299,West,2,326,Hospitality,6
1300,East,2,75,Hospitality,24
1301,West,5,261,Retail,47
1302,South,4,84,Retail,58
1303,West,1,288,Retail,3
1304,West,2,55,Hospitality,27
1305,North,1,126,Retail,10
1306,South,3,87,Wholesale,33
1307,North,1,188,Hospitality,7
1308,West,1,327,Retail,3
1309,North,3,349,Retail,10
1310,South,3,143,Retail,30
1311,North,3,55,Retail,44
1312,West,4,120,Hospitality,52
1313,North,4,44,Wholesale,58
1314,North,2,132,Wholesale,15
1315,North,1,307,Wholesale,2
1316,East,1,345,Retail,2
1317,South,3,100,Hospitality,37
1318,West,3,92,Wholesale,32
1319,East,2,2,Hospitality,34
1320,East,2,124,Hospitality,19
1321,North,1,318,Hospitality,3
1322,West,3,233,Hospitality,19
1323,South,4,92,Retail,56
1324,West,5,316,Retail,39
1325,West,1,273,Retail,4
1326,West,2,287,Retail,7
1327,North,2,71,Wholesale,20
1328,East,3,98,Wholesale,31
1329,South,3,324,Hospitality,12
1330,South,4,226,Retail,35
1331,North,3,363,Hospitality,9
1332,East,3,148,Retail,29
1333,West,4,323,Hospitality,22
1334,South,2,140,Wholesale,14
1335,South,4,134,Retail,50
1336,East,2,319,Retail,6
1337,South,2,173,Hospitality,14
1338,East,2,82,Wholesale,19
1339,West,4,68,Wholesale,54
1340,West,2,166,Wholesale,12
1341,West,4,273,Retail,28
1342,North,1,105,Hospitality,11
1343,East,2,357,Retail,5
1344,West,3,286,Hospitality,14
1345,East,3,212,Retail,21
1346,West,4,175,Wholesale,37
1347,East,1,287,Wholesale,3
1348,North,3,133,Retail,32
1349,North,3,63,Wholesale,37
1350,North,2,327,Wholesale,4
1351,West,3,309,Hospitality,13
1352,West,4,95,Retail,56
1353,East,1,239,Retail,5
1354,West,2,58,Retail,26
1355,North,3,78,Retail,40
1356,South,3,275,Retail,15
1357,South,3,111,Retail,35
1358,South,1,108,Wholesale,9
1359,West,3,312,Wholesale,10
1360,South,5,167,Wholesale,57
1361,West,4,359,Retail,18
1362,West,4,127,Wholesale,45
1363,North,2,261,Wholesale,7
1364,South,2,361,Retail,5
1365,North,2,210,Retail,11
1366,North,2,270,Retail,8
1367,South,2,258,Retail,9
1368,South,3,307,Retail,13
1369,West,4,45,Wholesale,58
1370,East,2,67,Wholesale,21
1371,West,4,63,Wholesale,55
1372,South,1,129,Retail,9
1373,South,2,108,Wholesale,17
1374,West,3,275,Hospitality,15
1375,West,3,16,Retail,50
1376,South,3,137,Hospitality,31
1377,South,4,174,Wholesale,37
1378,West,3,104,Retail,36
1379,South,2,16,Retail,32
1380,West,2,242,Retail,9
1381,South,2,233,Retail,10
1382,West,4,171,Retail,43
1383,South,2,157,Hospitality,16
1384,West,3,152,Hospitality,29
1385,West,4,154,Retail,46
1386,South,1,321,Wholesale,2
1387,North,1,290,Hospitality,3
1388,South,3,288,Retail,14
1389,North,3,280,Retail,15
1390,East,3,196,Retail,23
1391,West,2,258,Wholesale,7
1392,West,3,43,Retail,46
1393,East,3,363,Retail,9
1394,East,3,333,Wholesale,9
1395,South,4,317,Hospitality,23
1396,North,4,346,Retail,19
1397,East,1,267,Retail,4
1398,West,4,11,Retail,69
1399,South,2,184,Retail,13
1400,West,4,45,Retail,64
1401,West,3,140,Retail,31
1402,South,3,72,Retail,41
1403,West,4,87,Retail,57
1404,North,3,353,Hospitality,10
1405,South,4,5,Retail,70
1406,South,4,240,Hospitality,33
1407,West,2,320,Retail,6
1408,South,2,162,Retail,15
1409,South,4,229,Retail,34
1410,West,3,183,Wholesale,21
1411,South,2,114,Wholesale,16
1412,West,4,104,Wholesale,48
1413,South,4,299,Retail,25
1414,North,4,130,Hospitality,50
1415,South,2,164,Hospitality,15
1416,North,4,272,Retail,28
1417,South,4,189,Wholesale,35
1418,North,2,297,Hospitality,7
1419,East,2,81,Wholesale,19
1420,West,2,192,Retail,13
1421,North,3,179,Hospitality,25
1422,North,2,335,Retail,5
1423,North,3,274,Retail,15
1424,West,3,38,Retail,46
1425,North,1,302,Retail,3
1426,South,4,127,Wholesale,45
1427,East,3,203,Retail,22
1428,North,3,318,Retail,12
1429,South,3,40,Hospitality,46
1430,South,2,362,Retail,4
1431,East,1,273,Wholesale,3
1432,West,3,319,Hospitality,12
1433,North,3,288,Retail,14
1434,North,4,35,Hospitality,66
1435,North,2,299,Retail,7
1436,South,2,67,Retail,25
1437,West,3,134,Wholesale,26
1438,West,3,108,Wholesale,30
1439,East,1,333,Hospitality,3
1440,West,4,45,Hospitality,64
1441,North,2,182,Wholesale,11
1442,South,4,216,Retail,36
1443,West,1,351,Wholesale,2
1444,East,2,147,Hospitality,16
1445,North,2,204,Wholesale,10
1446,West,4,250,Wholesale,26
1447,North,4,110,Wholesale,47
1448,South,1,302,Retail,3
1449,North,2,290,Wholesale,6
1450,North,1,300,Hospitality,3
1451,East,3,41,Retail,46
1452,South,3,185,Retail,25
1453,South,4,174,Wholesale,37
1454,West,4,84,Retail,58
1455,West,1,129,Retail,9
1456,South,2,172,Wholesale,12
1457,South,5,182,Retail,60
1458,West,5,101,Retail,72
1459,South,4,216,Retail,36
1460,North,3,315,Retail,12
1461,South,1,163,Retail,8
1462,South,2,35,Retail,29
1463,South,2,193,Hospitality,13
1464,South,5,132,Retail,68
1465,South,2,276,Retail,8
1466,North,3,221,Wholesale,17
1467,East,1,153,Wholesale,6
1468,South,3,90,Retail,38
1469,North,2,266,Retail,8
1470,South,2,255,Wholesale,7
1471,North,1,161,Wholesale,6
1472,West,3,84,Wholesale,33
1473,West,3,65,Retail,42
1474,West,1,219,Retail,5
1475,West,4,276,Hospitality,28
1476,West,5,198,Wholesale,52
1477,North,1,99,Retail,11
1478,South,3,108,Wholesale,30
1479,North,3,196,Retail,23
1480,North,3,91,Wholesale,32
1481,North,2,84,Retail,23
1482,South,2,144,Retail,17
1483,North,2,56,Wholesale,22
1484,South,1,14,Retail,18
1485,South,3,348,Retail,10
1486,South,2,310,Retail,6
1487,East,3,114,Hospitality,34
1488,West,3,75,Hospitality,40
1489,North,2,281,Wholesale,6
1490,West,3,18,Retail,50
1491,North,2,214,Retail,11
1492,West,1,199,Retail,6
1493,North,3,233,Retail,19
1494,West,3,196,Retail,23
1495,West,2,360,Retail,5
1496,South,2,361,Wholesale,4
1497,South,3,153,Retail,29
1498,South,4,64,Wholesale,55
1499,East,2,361,Retail,5
1500,South,3,312,Hospitality,12
1501,South,3,160,Wholesale,23
1502,East,2,169,Retail,15
1503,West,3,259,Wholesale,14
1504,West,3,238,Wholesale,15
1505,West,3,299,Retail,13
1506,West,5,65,Hospitality,77
1507,East,2,75,Retail,24
1508,North,4,28,Retail,67
1509,East,4,321,Retail,22
1510,West,4,284,Hospitality,27
1511,West,2,301,Wholesale,5
1512,West,3,187,Retail,24
1513,South,3,79,Retail,40
1514,South,3,88,Retail,38
1515,West,3,167,Retail,27
1516,South,2,229,Retail,10
1517,North,1,260,Wholesale,3
1518,North,3,177,Retail,26
1519,West,2,315,Wholesale,5
1520,North,3,135,Hospitality,31
1521,South,4,222,Retail,35
1522,East,2,92,Wholesale,18
1523,West,1,121,Hospitality,10
1524,West,3,152,Hospitality,29
1525,West,4,168,Hospitality,44
1526,North,4,68,Retail,60
1527,South,5,145,Wholesale,60
1528,West,4,21,Wholesale,62
1529,West,3,346,Wholesale,8
1530,South,1,263,Wholesale,3
1531,North,3,81,Retail,39
1532,North,3,86,Retail,39
1533,North,2,339,Wholesale,4
1534,West,2,17,Wholesale,27
1535,East,1,28,Retail,17
1536,East,2,212,Hospitality,11
1537,East,1,118,Wholesale,8
1538,South,4,278,Hospitality,27
1539,West,3,174,Retail,26
1540,West,3,138,Hospitality,31
1541,South,5,206,Wholesale,51
1542,South,4,66,Retail,61
1543,South,2,322,Wholesale,5
1544,North,3,176,Hospitality,26
1545,North,2,136,Retail,17
1546,West,3,184,Wholesale,20
1547,West,4,134,Hospitality,50
1548,West,2,195,Wholesale,10
1549,North,3,28,Retail,48
1550,North,2,246,Retail,9
1551,North,1,223,Wholesale,4
1552,North,2,315,Retail,6
1553,West,2,66,Wholesale,21
1554,East,1,50,Hospitality,15
1555,North,3,27,Retail,48
1556,North,4,140,Retail,49
1557,North,1,57,Retail,14
1558,South,2,70,Wholesale,20
1559,West,2,132,Retail,18
1560,North,2,166,Retail,15
1561,East,1,233,Hospitality,5
1562,West,4,211,Hospitality,37
1563,North,2,258,Hospitality,9
1564,South,3,231,Retail,19
1565,South,3,92,Hospitality,38
1566,West,4,70,Hospitality,60
1567,North,1,297,Hospitality,3
1568,South,3,275,Retail,15
1569,South,3,174,Wholesale,22
1570,West,2,357,Retail,5
1571,West,3,11,Retail,51
1572,West,2,323,Wholesale,5
1573,West,5,256,Retail,48
1574,West,4,275,Retail,28
1575,East,4,314,Hospitality,23
1576,West,3,245,Wholesale,15
1577,West,4,143,Retail,48
1578,East,3,256,Retail,17
1579,West,3,210,Hospitality,22
1580,West,3,315,Retail,12
1581,West,2,98,Hospitality,21
1582,North,4,321,Retail,22
1583,East,2,285,Retail,7
1584,East,2,353,Hospitality,5
1585,East,2,316,Hospitality,6
1586,South,3,266,Retail,16
1587,West,4,206,Retail,38
1588,North,3,216,Retail,21
1589,North,1,190,Wholesale,5
1590,North,2,116,Wholesale,16
1591,South,2,148,Wholesale,13
1592,North,3,257,Retail,17
1593,South,3,135,Wholesale,26
1594,West,4,295,Retail,25
1595,East,3,113,Wholesale,29
1596,East,3,129,Retail,32
1597,North,2,236,Retail,10
1598,North,3,64,Retail,42
1599,West,1,289,Retail,3
1600,East,1,327,Retail,3
1601,West,3,51,Retail,44
1602,South,2,138,Wholesale,14
1603,North,4,360,Wholesale,15
1604,West,5,307,Retail,40
1605,West,5,316,Retail,39
1606,East,2,311,Retail,6
1607,East,2,57,Hospitality,26
1608,South,2,159,Retail,15
1609,West,3,6,Hospitality,52
1610,East,4,295,Retail,25
1611,West,2,347,Retail,5
1612,West,5,70,Retail,76
1613,West,2,111,Wholesale,16
1614,West,3,296,Retail,14
1615,South,1,7,Retail,19
1616,South,2,317,Wholesale,5
1617,East,2,245,Wholesale,7
1618,East,2,352,Retail,5
1619,East,2,197,Wholesale,10
1620,South,3,186,Hospitality,25
1621,West,3,229,Hospitality,20
1622,East,2,323,Retail,6
1623,North,3,168,Hospitality,27
1624,West,4,106,Wholesale,48
1625,South,3,173,Retail,26
1626,North,1,278,Wholesale,3
1627,East,3,45,Retail,45
1628,South,3,9,Wholesale,45
1629,South,3,240,Retail,18
1630,West,3,330,Wholesale,9
1631,South,2,194,Hospitality,13
1632,North,1,175,Retail,7
1633,South,3,209,Hospitality,22
1634,North,3,320,Retail,12
1635,West,4,96,Hospitality,56
1636,South,5,154,Retail,65
1637,South,2,76,Retail,24
1638,West,5,282,Hospitality,44
1639,West,5,161,Wholesale,58
1640,South,3,22,Retail,49
1641,West,4,140,Retail,49
1642,West,2,34,Retail,29
1643,West,3,76,Retail,40
1644,South,4,350,Hospitality,19
1645,North,2,32,Hospitality,30
1646,North,2,68,Hospitality,25
1647,West,2,96,Retail,22
1648,North,1,140,Retail,9
1649,South,3,234,Hospitality,19
1650,West,3,139,Retail,31
1651,West,5,348,Wholesale,28
1652,South,3,261,Retail,16
1653,North,2,188,Hospitality,13
1654,West,4,217,Hospitality,36
1655,North,4,155,Wholesale,40
1656,West,3,140,Retail,31
1657,South,1,251,Hospitality,4
1658,South,3,264,Hospitality,16
1659,West,4,264,Hospitality,29
1660,North,1,28,Wholesale,14
1661,South,4,278,Retail,27
1662,East,1,168,Wholesale,6
1663,North,1,319,Retail,3
1664,North,2,161,Hospitality,15
1665,South,4,32,Hospitality,66
1666,North,1,186,Retail,7
1667,West,3,146,Wholesale,25
1668,West,1,47,Hospitality,15
1669,West,4,162,Wholesale,39
1670,West,3,48,Wholesale,39
1671,West,3,27,Wholesale,42
1672,North,2,281,Wholesale,6
1673,West,5,23,Wholesale,77
1674,West,4,142,Hospitality,48
1675,South,1,11,Hospitality,19
1676,East,2,179,Wholesale,11
1677,West,4,223,Hospitality,35
1678,West,4,111,Retail,53
1679,South,2,32,Wholesale,25
1680,North,4,33,Retail,66
1681,South,2,82,Retail,23
1682,West,3,36,Retail,47
1683,North,2,148,Hospitality,16
1684,South,2,100,Wholesale,17
1685,West,4,14,Retail,69
1686,West,5,307,Wholesale,34
1687,North,3,351,Retail,10
1688,West,3,346,Hospitality,10
1689,East,3,319,Retail,12
1690,North,2,79,Wholesale,19
1691,East,1,333,Retail,3
1692,North,2,248,Wholesale,7
1693,North,3,101,Retail,36
1694,West,2,287,Retail,7
1695,South,3,119,Retail,34
1696,South,2,321,Wholesale,5
1697,East,1,340,Retail,2
1698,West,4,222,Hospitality,35
1699,South,2,26,Retail,31
1700,West,4,160,Wholesale,39
1701,West,1,270,Retail,4
1702,West,4,338,Wholesale,17
1703,North,1,285,Wholesale,3
1704,South,2,86,Retail,23
1705,South,2,337,Retail,5
1706,East,2,143,Retail,17
1707,South,1,310,Retail,3
1708,South,4,88,Hospitality,57
1709,South,3,238,Hospitality,19
1710,North,3,138,Wholesale,26
1711,South,4,21,Hospitality,68
1712,North,1,17,Retail,18
1713,West,3,16,Wholesale,44
1714,South,3,213,Retail,21
1715,South,1,128,Retail,9
1716,South,3,61,Retail,43
1717,North,4,169,Wholesale,38
1718,West,4,144,Retail,48
1719,East,2,9,Retail,33
1720,South,3,282,Retail,15
1721,East,1,234,Retail,5
1722,South,3,169,Wholesale,22
1723,North,2,8,Retail,33
1724,North,3,71,Retail,41
1725,West,4,253,Retail,31
1726,West,2,68,Retail,25
1727,West,4,113,Hospitality,53
1728,West,3,212,Retail,21
1729,North,4,205,Retail,38
1730,East,4,5,Retail,70
1731,North,3,25,Retail,49
1732,South,5,43,Wholesale,75
1733,North,3,207,Retail,22
1734,West,4,288,Wholesale,22
1735,South,3,190,Hospitality,24
1736,South,2,251,Retail,9
1737,South,1,153,Retail,8
1738,South,1,37,Hospitality,16
1739,North,2,361,Retail,5
1740,West,3,84,Hospitality,39
1741,South,3,51,Retail,44
1742,West,2,336,Wholesale,4
1743,South,2,33,Retail,30
1744,North,4,282,Retail,27
1745,West,3,125,Retail,33
1746,North,3,19,Hospitality,50
1747,South,3,135,Wholesale,26
1748,East,3,240,Hospitality,19
1749,North,3,33,Wholesale,41
1750,West,3,131,Retail,32
1751,South,2,134,Retail,18
1752,West,3,174,Retail,26
1753,South,2,37,Wholesale,24
1754,East,1,62,Wholesale,11
1755,East,1,215,Retail,6
1756,West,1,227,Retail,5
1757,South,3,20,Retail,49
1758,West,2,41,Hospitality,28
1759,North,1,338,Retail,3
1760,East,3,318,Hospitality,12
1761,South,3,129,Retail,32
1762,South,4,245,Retail,32
1763,West,3,92,Wholesale,32
1764,South,5,210,Wholesale,50
1765,North,4,135,Hospitality,49
1766,South,3,224,Wholesale,16
1767,South,4,332,Wholesale,17
1768,South,2,246,Hospitality,9
1769,South,3,155,Retail,29
1770,East,2,361,Hospitality,5
1771,West,4,9,Hospitality,69
1772,West,2,132,Wholesale,15
1773,East,1,289,Hospitality,3
1774,West,3,62,Hospitality,43
1775,East,2,75,Retail,24
1776,West,1,193,Retail,6
1777,North,5,333,Retail,36
1778,South,1,231,Hospitality,5
1779,North,1,111,Hospitality,10
1780,South,4,120,Hospitality,52
1781,South,3,293,Retail,14
1782,North,2,324,Retail,6
1783,North,2,306,Hospitality,6
1784,South,3,157,Retail,28
1785,West,3,106,Retail,36
1786,South,4,120,Retail,52
1787,East,2,14,Wholesale,27
1788,East,2,162,Retail,15
1789,South,2,300,Hospitality,7
1790,South,1,62,Retail,14
1791,North,4,138,Hospitality,49
1792,West,2,113,Hospitality,20
1793,West,3,133,Wholesale,27
1794,South,2,75,Retail,24
1795,South,1,106,Wholesale,9
1796,South,2,209,Wholesale,9
1797,North,2,178,Hospitality,14
1798,South,3,107,Retail,35
1799,West,3,186,Retail,25
1800,East,1,218,Wholesale,4
1801,West,3,107,Retail,35
1802,East,3,357,Hospitality,9
1803,South,3,11,Retail,51
1804,West,4,177,Retail,42
1805,North,4,233,Wholesale,28
1806,South,2,153,Wholesale,13
1807,North,4,214,Retail,37
1808,South,4,324,Retail,22
1809,West,3,296,Wholesale,11
1810,East,2,237,Retail,10
1811,East,2,211,Retail,11
1812,South,2,190,Retail,13
1813,East,1,11,Retail,18
1814,South,5,82,Hospitality,75
1815,South,3,210,Retail,22
1816,South,3,63,Hospitality,42
1817,West,4,356,Hospitality,18
1818,South,2,258,Retail,9
1819,West,3,239,Hospitality,19
1820,North,3,239,Retail,19
1821,South,3,30,Retail,48
1822,South,3,84,Wholesale,33
1823,West,4,334,Retail,21
1824,South,4,103,Retail,55
1825,South,4,121,Retail,52
1826,West,2,61,Wholesale,21
1827,North,3,320,Hospitality,12
1828,West,4,256,Retail,30
1829,South,3,207,Wholesale,18
1830,West,3,109,Retail,35
