customer_id,customer_name,city,segment
1,Sharma Hardware,Mumbai,Retail
2,Patel Kitchenware,Ahmedabad,Retail
3,Green Leaf Hotels,Pune,Hospitality
4,Coastal Foods,Chennai,Wholesale
5,Metro Mart,Mumbai,Retail
6,Sunrise Caterers,Nagpur,Hospitality
7,Northgate Distributors,Delhi,Wholesale
8,Blue Bay Cafe,Pune,Hospitality
9,Lakeview Resorts,Udaipur,Hospitality
10,City Needs Store,Jaipur,Retail
11,Harbour Traders,Kochi,Wholesale
12,Fresh Bowl Kitchens,Bengaluru,Hospitality
13,Om Sai Provisions,Nashik,Retail
14,Deccan Packaging,Hyderabad,Wholesale
15,Spice Route Restaurants,Kolkata,Hospitality
17,Royal Banquets,Lucknow,Hospitality
18,Evergreen Mart,Indore,Retail
19,Western Logistics,Mumbai,Wholesale
20,Tasty Tiffins,Pune,Hospitality
21,Kitchen Kraft,Bengaluru,Retail
22,Festive Gifts Co,Delhi,Retail
23,Sea Breeze Hotel,Goa,Hospitality
24,Prime Wholesale,Ahmedabad,Wholesale
