month,East,North,South,West
2024-07-01,7.22402480828583,7.533158807455563,7.689828668736484,8.047189562170502
2024-08-01,7.315218389752975,7.577633832602728,7.860956364876389,8.026496938945412
2024-09-01,7.347299700743164,7.623153068476902,7.88758403166028,8.137103389639302
2024-10-01,7.403061091090091,7.6638772587034705,7.876258882303226,8.19063168090354
2024-11-01,7.338888133838879,7.666690200080086,7.830822995135316,8.196436811235028
2024-12-01,7.3343293503005365,7.669495251007694,7.812782818577581,8.1101268019411
2025-01-01,7.2456550675945355,7.583756300707112,7.765569081097317,8.000684784514748
2025-02-01,7.23561914106675,7.57198844937744,7.7226775164680035,7.9658927350845286
2025-03-01,7.293017679772782,7.646831391430482,7.8632667240095735,8.14002395246292
2025-04-01,7.326465613840322,7.617759576608505,7.844632644464681,8.13505390861157
2025-05-01,7.271703706887368,7.585281078639126,7.823245690685523,8.109826276018477
2025-06-01,7.206377291472252,7.610357618312838,7.727535110475448,8.030409562130485
2025-07-01,7.322510433997394,7.57095858316901,7.768110378525988,8.132118772955806
2025-08-01,7.403061091090091,7.609862200913554,7.847762537473608,8.125926802707886
2025-09-01,7.410347097821024,7.703459047867175,8.003363058629947,8.286017468404763
