customer_id,segment,region,years_as_customer,revenue_2024,growth_2024,in_qbr_program,revenue_2025
1,Retail,East,6,1015757.86,0.2296,0,1276212.05
2,Retail,North,3,169196.62,0.1483,0,174958.74
3,Hospitality,North,1,507678.95,-0.0138,1,577513.93
4,Retail,North,4,363342.13,0.298,0,498836.64
5,Retail,South,4,303804.47,0.0905,0,366314.17
6,Retail,South,9,725644.68,0.1791,1,1044798.27
7,Hospitality,West,2,426399.7,0.2224,0,627489.22
8,Hospitality,South,6,260217.85,0.0996,0,291516.47
9,Retail,South,8,1078917.11,0.1411,1,1275623.07
10,Wholesale,East,5,661249.68,-0.1604,0,545537.54
11,Retail,East,9,307619.39,-0.0931,0,283089.43
12,Retail,West,3,460246.91,-0.0322,0,456966.73
13,Wholesale,North,2,264890.09,-0.1109,0,261419.63
14,Retail,North,8,710190.53,0.0661,0,768406.8
15,Retail,East,1,449683.95,0.4394,1,812324.62
16,Retail,North,2,437496.88,-0.0611,0,435027.54
17,Wholesale,North,9,840467.44,0.0447,0,926349.1
18,Hospitality,South,6,629538.18,0.0194,1,751637.82
19,Retail,North,4,2370214.38,0.1128,0,2596288.08
20,Retail,North,8,1182742.66,0.2124,0,1731648.89
21,Hospitality,West,9,1058023.54,-0.042,0,1021596.89
22,Retail,South,9,734470.42,0.137,0,748815.07
23,Hospitality,North,2,1199980.59,0.2585,0,1600811.97
24,Retail,North,7,1098296.9,-0.0551,0,992792.44
25,Wholesale,East,7,830710.14,-0.1168,0,759746.86
26,Wholesale,North,1,3336643.83,-0.0255,0,3633691.69
27,Retail,West,2,528111.89,-0.1211,0,507633.31
28,Hospitality,West,9,268568.88,0.0414,0,257452.63
29,Retail,East,7,402408.74,0.1399,0,425922.83
30,Retail,East,8,343629.26,-0.1286,0,282014.44
31,Retail,North,8,402933.7,0.1342,0,517126.09
32,Retail,South,2,2189882.75,-0.0775,1,1935977.11
33,Retail,North,6,1011839.78,-0.0608,0,891604.0
34,Retail,South,9,1268605.22,0.292,0,1810280.03
35,Retail,West,9,933975.34,0.0965,1,968941.56
36,Hospitality,South,7,236415.77,0.0525,0,231833.98
37,Retail,East,7,421408.56,0.0942,0,427278.91
38,Retail,North,6,186284.16,0.053,0,217870.17
39,Hospitality,South,6,1016027.65,0.0961,1,1510322.21
40,Hospitality,North,6,1741130.65,0.0398,0,1543931.45
41,Retail,West,5,1522664.25,-0.0021,0,1382559.02
42,Hospitality,North,5,1001339.93,0.1256,0,1123293.07
43,Wholesale,East,9,124529.59,-0.086,0,139577.58
44,Retail,West,7,447722.55,0.0091,0,427554.61
45,Retail,West,4,778438.91,0.0049,0,734026.55
46,Hospitality,South,6,428010.37,-0.139,0,464272.47
47,Wholesale,South,8,1802179.55,0.0238,0,2076322.48
48,Hospitality,North,7,429905.45,0.3271,0,640996.4
49,Wholesale,South,2,214085.86,0.0586,0,197245.52
50,Wholesale,East,5,549677.18,-0.04,0,450028.12
51,Retail,East,2,1387174.48,0.2149,1,2047402.73
52,Retail,West,6,369982.08,0.1059,0,393861.09
53,Hospitality,West,2,183314.41,-0.1004,0,169209.17
54,Retail,South,8,521995.11,0.056,0,545403.58
55,Hospitality,North,1,116834.17,-0.0397,0,123644.34
56,Retail,East,4,198975.26,0.0677,0,265314.94
57,Retail,North,6,1919089.44,0.2676,0,3295140.65
58,Retail,South,5,3653286.98,-0.1046,0,2860072.89
59,Hospitality,South,4,619612.6,0.1405,1,811832.6
60,Retail,East,7,1397965.65,0.0494,0,1525934.54
61,Wholesale,West,6,297345.85,0.0309,1,349046.11
62,Hospitality,South,7,351455.1,0.1365,0,422725.22
63,Wholesale,East,8,949660.23,0.0442,0,1045445.17
64,Hospitality,East,3,663745.31,0.1234,0,747690.36
65,Retail,West,2,551254.59,-0.0664,0,495312.99
66,Hospitality,East,6,801853.13,0.358,0,1136392.79
67,Wholesale,East,8,2028427.09,0.1191,1,2325883.0
68,Wholesale,North,1,429040.09,0.1291,0,489986.44
69,Hospitality,South,6,1098194.64,-0.0696,1,1175746.18
70,Hospitality,West,8,215588.75,0.1588,0,249750.69
71,Wholesale,West,4,311594.79,0.108,1,397988.62
72,Wholesale,West,3,581755.52,0.0178,0,557375.84
73,Hospitality,South,6,327806.29,-0.1497,0,260025.19
74,Wholesale,West,9,4238126.08,0.0065,1,5138742.01
75,Retail,South,6,226869.83,0.0301,0,253994.99
76,Retail,South,8,887213.51,-0.0125,1,943862.01
77,Retail,North,8,112245.32,-0.1364,0,116418.31
78,Hospitality,North,9,1825526.97,0.0134,0,1947000.82
79,Hospitality,North,6,575857.27,0.0692,1,721323.67
80,Retail,East,1,652727.08,-0.0485,0,576106.29
81,Retail,West,6,372060.66,-0.1905,1,288185.56
82,Wholesale,East,4,543204.95,0.2261,0,719295.58
83,Wholesale,South,8,405309.91,0.0766,0,452144.32
84,Wholesale,West,2,636173.73,0.2232,1,890402.74
85,Retail,West,4,601427.63,0.0321,1,710744.84
86,Hospitality,East,5,468672.13,0.1063,0,518429.65
87,Hospitality,North,4,415170.0,0.2808,0,511944.88
88,Retail,East,7,665143.18,0.1019,0,886456.61
89,Retail,West,2,1415785.9,0.0007,0,1267140.76
90,Hospitality,North,7,191358.19,0.1133,0,233225.81
91,Wholesale,East,7,1017841.5,0.1525,1,1429118.03
92,Retail,West,5,312194.89,0.1576,0,367869.17
93,Wholesale,North,2,636594.64,-0.0058,1,828344.85
94,Hospitality,South,5,483710.56,0.2177,0,773892.87
95,Hospitality,West,2,844569.71,0.033,1,1069360.61
96,Retail,East,8,825251.49,0.0916,1,1030374.85
97,Retail,West,3,1167042.72,0.0733,1,1543738.39
98,Hospitality,South,6,573671.98,0.057,1,809655.84
99,Hospitality,North,3,824254.9,0.0938,0,1011531.36
100,Retail,West,3,566490.91,0.1854,0,632783.47
101,Retail,East,3,1434093.82,0.0783,0,1726315.31
102,Hospitality,East,4,1059310.54,0.1926,0,1246382.8
103,Retail,West,3,543109.98,-0.1251,1,558761.99
104,Wholesale,East,5,209636.17,-0.0425,0,216118.08
105,Wholesale,North,2,345510.5,0.1666,0,370306.2
106,Hospitality,South,1,386686.51,-0.0565,0,324820.52
107,Retail,West,7,853714.5,0.0559,0,1034136.89
108,Wholesale,West,2,237945.98,-0.0409,0,246277.72
109,Hospitality,West,7,567799.45,-0.0704,0,556424.76
110,Hospitality,South,1,1143055.27,0.0885,0,1331975.69
111,Retail,West,3,1133672.8,0.0403,0,1379635.18
112,Wholesale,South,5,2040764.45,-0.1562,0,1898901.65
113,Wholesale,East,1,850807.15,0.0407,0,914480.69
114,Wholesale,North,9,627925.77,-0.012,0,525577.49
115,Retail,South,3,2177013.81,0.2007,0,3538581.29
116,Retail,South,6,1998484.15,0.0031,0,2191336.21
117,Hospitality,West,5,1115380.19,0.006,1,1220879.28
118,Retail,East,4,813996.36,0.0887,0,916919.13
119,Wholesale,West,8,475501.73,0.211,1,714416.57
120,Hospitality,East,3,1070635.15,0.0466,0,1135456.72
121,Hospitality,South,7,1129431.34,-0.0205,0,1333021.55
122,Retail,North,5,639544.21,0.0246,0,681695.75
123,Retail,East,5,2248612.49,-0.0183,0,2347034.39
124,Hospitality,East,9,839875.5,0.0872,0,1009919.58
125,Retail,West,2,889593.73,0.0044,0,932061.22
126,Wholesale,West,8,1343448.7,-0.0072,1,1390463.83
127,Retail,East,8,297783.04,-0.0295,0,296710.94
128,Wholesale,East,2,496851.54,-0.151,0,437371.53
129,Hospitality,South,9,426618.56,0.1057,0,429850.51
130,Retail,East,3,631136.31,-0.104,0,591212.48
131,Hospitality,East,5,437677.93,-0.2034,0,365462.77
132,Wholesale,North,1,1420807.35,0.0178,0,1455226.61
133,Wholesale,South,9,1814771.69,0.129,0,2376444.67
134,Hospitality,West,2,673716.3,0.0123,0,709964.92
135,Retail,South,8,547373.87,0.1299,1,701692.78
136,Wholesale,North,2,735862.42,0.0706,0,836025.76
137,Hospitality,South,1,617927.2,0.0238,0,639881.96
138,Retail,West,1,1321723.21,-0.1574,0,1150928.86
139,Hospitality,East,3,1137532.81,-0.1174,1,957860.78
140,Hospitality,East,8,534263.24,0.2227,0,711036.91
141,Wholesale,South,2,2972010.56,-0.0134,0,3137161.36
142,Wholesale,North,8,315356.58,0.1718,0,362840.16
143,Hospitality,South,4,230676.42,-0.2404,0,189630.66
144,Retail,East,8,616164.65,0.0356,0,688669.37
145,Wholesale,North,5,519013.78,0.1103,1,503823.86
146,Retail,East,7,2292176.14,0.1135,1,2966281.03
147,Hospitality,North,7,6700887.36,0.0158,1,7244453.85
148,Retail,East,7,1659733.17,-0.0023,0,1716694.84
149,Hospitality,East,7,835666.88,0.0958,1,1038361.61
150,Wholesale,South,6,443886.05,-0.0785,0,388164.69
151,Retail,West,3,1362301.65,-0.0178,0,1385395.6
152,Hospitality,North,2,1860339.28,0.0214,1,1692441.96
153,Hospitality,North,5,503879.94,0.1711,0,579964.57
154,Hospitality,South,9,1123199.76,0.2701,1,1690227.19
155,Retail,West,7,149082.67,0.059,0,173892.84
156,Retail,East,8,160804.87,-0.1032,0,169743.09
157,Wholesale,West,3,162345.88,0.2122,0,214025.2
158,Retail,North,1,786215.17,-0.0707,0,740063.47
159,Hospitality,East,5,357025.02,0.1078,0,344910.7
160,Hospitality,North,9,765373.67,0.2856,0,1102022.61
161,Retail,North,1,162924.73,-0.0046,0,172437.72
162,Wholesale,West,4,775673.34,-0.0223,1,903393.82
163,Retail,North,1,790573.89,0.1025,0,844517.07
164,Retail,South,5,1893398.26,0.1052,0,2247781.66
165,Hospitality,South,7,1249329.4,0.0068,0,1333076.92
166,Retail,North,4,2673610.0,-0.1552,1,2935950.65
167,Retail,West,7,414428.41,0.381,0,576616.17
168,Hospitality,North,5,246053.47,0.1582,0,389953.5
169,Hospitality,East,9,5076046.52,0.0158,1,5431445.72
170,Retail,East,3,277022.16,0.1554,0,289808.28
171,Retail,West,9,244635.92,0.0695,0,277637.26
172,Hospitality,North,7,618739.46,0.3739,0,957064.39
173,Hospitality,South,2,518476.79,0.0252,0,521727.6
174,Retail,North,7,664593.4,0.0875,0,755256.23
175,Retail,South,9,860257.39,0.0067,1,774640.32
176,Retail,West,1,564323.88,0.0182,1,667198.38
177,Wholesale,East,3,388056.87,0.1204,1,497641.92
178,Retail,North,6,266061.47,-0.0074,0,253926.99
179,Wholesale,South,6,497639.78,0.1078,1,589064.11
180,Retail,East,6,472312.36,-0.1127,0,387411.91
181,Retail,North,1,633689.18,0.0353,0,573522.77
182,Retail,South,2,1120661.06,0.0479,0,1065809.23
183,Wholesale,South,3,332791.51,0.1488,0,404963.36
184,Hospitality,East,4,240108.12,-0.0129,0,250442.06
185,Wholesale,East,6,770631.17,0.3041,1,1345801.63
186,Wholesale,West,2,1649323.75,-0.0172,0,1474751.57
187,Retail,North,9,2243780.7,0.0652,0,2557505.76
188,Wholesale,East,6,246125.05,-0.0028,1,269654.77
189,Retail,West,6,611123.05,0.1117,1,768790.42
190,Retail,East,9,1818360.15,0.1519,0,2117434.9
191,Retail,East,6,825626.51,-0.1054,1,855398.46
192,Retail,East,9,654097.82,0.1003,0,771638.59
193,Hospitality,West,9,6306515.44,-0.0559,1,7105530.93
194,Retail,South,4,291784.71,0.3285,1,398835.19
195,Retail,West,5,2223650.2,0.1049,1,2989760.9
196,Retail,North,2,865875.31,0.1044,0,790041.63
197,Hospitality,West,4,393434.62,0.1719,0,514717.35
198,Retail,West,8,280436.64,0.0014,0,253979.68
199,Retail,North,1,417189.95,0.0945,0,391122.68
200,Hospitality,South,5,319653.5,0.0122,1,325086.26
201,Retail,North,9,394962.14,0.0518,0,417603.38
202,Retail,West,5,278334.61,0.1474,0,344226.61
203,Wholesale,North,1,398199.78,-0.02,0,395010.51
204,Hospitality,West,8,1504290.51,-0.0003,1,1787022.83
205,Retail,North,8,1124210.43,0.0443,1,1205905.14
206,Retail,West,9,1119758.0,0.0282,1,1041233.47
207,Retail,East,6,350514.92,-0.0498,0,361288.35
208,Hospitality,West,2,732313.0,0.1009,0,882674.26
209,Hospitality,South,2,512993.28,-0.1459,0,550346.29
210,Hospitality,West,5,217057.1,-0.0282,0,214303.58
211,Hospitality,East,4,1923687.21,-0.0194,1,1982609.52
212,Retail,North,1,957990.79,0.1566,0,1024039.49
213,Hospitality,North,6,650757.27,-0.0321,1,655886.59
214,Hospitality,North,6,271711.78,0.2949,0,318863.9
215,Retail,North,7,462608.4,-0.0228,0,394784.95
216,Retail,West,9,514276.27,0.0207,0,502508.19
217,Retail,South,2,2779032.8,-0.0484,0,2599226.44
218,Retail,South,8,444427.35,0.11,1,471337.71
219,Retail,East,9,201880.5,0.0891,0,222667.74
220,Wholesale,South,7,447549.74,0.0296,1,520144.36
221,Wholesale,East,1,489059.49,0.1124,0,527779.18
222,Retail,West,3,173795.08,0.2521,0,231665.17
223,Retail,South,9,397882.86,0.0106,0,422531.41
224,Retail,South,5,380625.79,-0.0267,0,392571.72
225,Wholesale,South,7,171618.36,0.0998,0,185652.32
226,Wholesale,West,2,282450.33,-0.051,0,283179.16
227,Hospitality,North,3,1191803.77,0.0653,1,1467595.34
228,Retail,West,4,1536348.36,0.1683,0,1813631.82
229,Retail,South,2,79927.8,0.0463,0,78707.38
230,Hospitality,South,3,538880.38,0.189,0,626759.05
231,Retail,South,7,425549.27,-0.1125,0,326680.08
232,Retail,North,6,820304.48,0.0075,1,864845.82
233,Retail,South,7,956975.62,-0.064,0,961832.62
234,Retail,West,7,801881.86,-0.1084,1,704818.78
235,Retail,East,6,1473370.41,0.1224,1,2058340.95
236,Wholesale,West,3,1236688.01,0.2884,1,1524109.77
237,Wholesale,East,1,1633045.74,-0.1127,1,1448050.49
238,Wholesale,East,9,299883.13,0.0459,1,369097.41
239,Retail,North,8,2089609.33,0.2932,1,2581424.44
240,Hospitality,North,6,900086.54,-0.0667,0,968307.19
