region,month,orders,revenue,avg_order_value,price_rise_active,is_north,is_after
West,2024-07-01,3125,77605843.75,24833.87,0,0,0
West,2024-08-01,3061,78519945.53,25651.73,0,0,0
West,2024-09-01,3419,85941317.41,25136.39,0,0,0
West,2024-10-01,3607,94883144.96,26305.28,0,0,0
West,2024-11-01,3628,94262296.92,25981.89,0,0,0
West,2024-12-01,3328,81152148.48,24384.66,0,0,0
West,2025-01-01,2983,73328344.64,24582.08,0,0,0
West,2025-02-01,2881,75984099.01,26374.21,0,0,0
West,2025-03-01,3429,85384911.78,24900.82,0,0,0
West,2025-04-01,3412,83465879.4,24462.45,0,0,0
West,2025-05-01,3327,85051760.7,25564.1,0,0,0
West,2025-06-01,3073,81382074.62,26482.94,0,0,0
West,2025-07-01,3402,86444615.88,25409.94,0,0,0
West,2025-08-01,3381,81900498.75,24223.75,0,0,0
West,2025-09-01,3968,96451564.8,24307.35,0,0,0
West,2025-10-01,3887,98259511.87,25279.01,0,0,1
West,2025-11-01,4074,91609104.72,22486.28,0,0,1
West,2025-12-01,3913,98131035.73,25078.21,0,0,1
West,2026-01-01,3528,84102827.76,23838.67,0,0,1
West,2026-02-01,3549,93603384.42,26374.58,0,0,1
West,2026-03-01,3741,90584461.77,24213.97,0,0,1
West,2026-04-01,3577,86956691.15,24309.95,0,0,1
West,2026-05-01,3739,93510707.45,25009.55,0,0,1
West,2026-06-01,3520,90041635.2,25580.01,0,0,1
South,2024-07-01,2186,51230702.52,23435.82,0,0,0
South,2024-08-01,2594,62793191.46,24207.09,0,0,0
South,2024-09-01,2664,65894439.6,24735.15,0,0,0
South,2024-10-01,2634,66708183.54,25325.81,0,0,0
South,2024-11-01,2517,60424939.41,24006.73,0,0,0
South,2024-12-01,2472,60428509.68,24445.19,0,0,0
South,2025-01-01,2358,62954591.4,26698.3,0,0,0
South,2025-02-01,2259,54158576.22,23974.58,0,0,0
South,2025-03-01,2600,65815542.0,25313.67,0,0,0
South,2025-04-01,2552,61509580.0,24102.5,0,0,0
South,2025-05-01,2498,61872362.48,24768.76,0,0,0
South,2025-06-01,2270,57323901.4,25252.82,0,0,0
South,2025-07-01,2364,59905533.0,25340.75,0,0,0
South,2025-08-01,2560,63051596.8,24629.53,0,0,0
South,2025-09-01,2991,78649062.84,26295.24,0,0,0
South,2025-10-01,2972,74903048.52,25202.91,0,0,1
South,2025-11-01,2779,72320223.57,26023.83,0,0,1
South,2025-12-01,2808,67359174.48,23988.31,0,0,1
South,2026-01-01,2374,58919024.04,24818.46,0,0,1
South,2026-02-01,2581,66216355.11,25655.31,0,0,1
South,2026-03-01,2676,64136789.16,23967.41,0,0,1
South,2026-04-01,2737,68162138.52,24903.96,0,0,1
South,2026-05-01,2786,72164114.26,25902.41,0,0,1
South,2026-06-01,2568,57865154.88,22533.16,0,0,1
North,2024-07-01,1869,45069084.69,24114.01,0,1,0
North,2024-08-01,1954,43385306.82,22203.33,0,1,0
North,2024-09-01,2045,50940663.7,24909.86,0,1,0
North,2024-10-01,2130,53927254.8,25317.96,0,1,0
North,2024-11-01,2136,53494966.56,25044.46,0,1,0
North,2024-12-01,2142,55848044.7,26072.85,0,1,0
North,2025-01-01,1966,49511016.58,25183.63,0,1,0
North,2025-02-01,1943,49290082.29,25368.03,0,1,0
North,2025-03-01,2094,50497731.36,24115.44,0,1,0
North,2025-04-01,2034,52287875.28,25706.92,0,1,0
North,2025-05-01,1969,46798798.2,23767.8,0,1,0
North,2025-06-01,2019,48650752.74,24096.46,0,1,0
North,2025-07-01,1941,47719077.39,24584.79,0,1,0
North,2025-08-01,2018,50736979.78,25142.21,0,1,0
North,2025-09-01,2216,55177402.8,24899.55,0,1,0
North,2025-10-01,2299,63121550.91,27456.09,1,1,1
North,2025-11-01,2147,51543887.8,24007.4,1,1,1
North,2025-12-01,2030,50992950.4,25119.68,1,1,1
North,2026-01-01,1969,54941656.77,27903.33,1,1,1
North,2026-02-01,2010,54208534.2,26969.42,1,1,1
North,2026-03-01,2140,57801293.0,27009.95,1,1,1
North,2026-04-01,2002,54511036.58,27228.29,1,1,1
North,2026-05-01,2002,50314163.9,25131.95,1,1,1
North,2026-06-01,2005,56026737.55,27943.51,1,1,1
East,2024-07-01,1372,31721833.64,23120.87,0,0,0
East,2024-08-01,1503,37658717.1,25055.7,0,0,0
East,2024-09-01,1552,37829084.32,24374.41,0,0,0
East,2024-10-01,1641,43283623.17,26376.37,0,0,0
East,2024-11-01,1539,39226047.39,25488.01,0,0,0
East,2024-12-01,1532,36756739.8,23992.65,0,0,0
East,2025-01-01,1402,35600551.38,25392.69,0,0,0
East,2025-02-01,1388,36016753.96,25948.67,0,0,0
East,2025-03-01,1470,38129007.0,25938.1,0,0,0
East,2025-04-01,1520,38112920.8,25074.29,0,0,0
East,2025-05-01,1439,34641133.34,24073.06,0,0,0
East,2025-06-01,1348,33433082.52,24801.99,0,0,0
East,2025-07-01,1514,38397068.76,25361.34,0,0,0
East,2025-08-01,1641,41053536.99,25017.39,0,0,0
East,2025-09-01,1653,42606785.79,25775.43,0,0,0
East,2025-10-01,1773,43971516.99,24800.63,0,0,1
East,2025-11-01,1661,42919359.67,25839.47,0,0,1
East,2025-12-01,1623,43314461.7,26687.9,0,0,1
East,2026-01-01,1484,36153697.72,24362.33,0,0,1
East,2026-02-01,1582,38211090.12,24153.66,0,0,1
East,2026-03-01,1598,37921115.28,23730.36,0,0,1
East,2026-04-01,1585,38989525.95,24599.07,0,0,1
East,2026-05-01,1692,43090265.52,25467.06,0,0,1
East,2026-06-01,1631,41759911.97,25603.87,0,0,1
