month,Furniture,Industrial,Kitchen,Storage
1,,11697910.0,28860650.0,44636960.0
2,,10332350.0,27258348.0,40991882.0
3,16234550.0,13695850.0,28189476.0,42889190.0
4,15321162.0,11880680.0,27322929.0,40669938.0
5,13519688.0,10812480.0,25985635.0,36931765.0
6,,6723850.0,18509034.0,26739599.0
7,,5515370.0,14386691.0,20126032.0
8,,10213070.0,25830895.0,35791381.0
9,,14540750.0,40340524.0,56820205.0
10,,24479630.0,64166891.0,91973582.0
11,,20887930.0,54866595.0,80231376.0
12,,11903220.0,30084676.0,45278908.0
