city,net_revenue
Mumbai,97454519.0
Delhi,85768748.0
Bengaluru,69924408.0
Pune,62201181.0
Hyderabad,57650077.0
Chennai,54726478.0
Ahmedabad,49330816.0
Kolkata,45176742.0
Coimbatore,23011949.0
Madurai,22839589.0
(city missing),22669946.0
Nashik,22350885.0
Indore,22154852.0
Thiruvananthapuram,21990441.0
Agra,21462626.0
Mysuru,20969813.0
Gurugram,20834414.0
Thane,20788759.0
Raipur,20637519.0
Noida,20574728.0
Udaipur,20378904.0
Patna,19876329.0
Ranchi,19871270.0
Bhubaneswar,19576063.0
Jaipur,19505593.0
Nagpur,19479797.0
Chandigarh,19409440.0
Rajkot,19304774.0
Aurangabad,18862146.0
Surat,18822984.0
Kanpur,18756913.0
Dehradun,18090784.0
Goa,17941185.0
Ludhiana,17416564.0
Guwahati,17118361.0
Visakhapatnam,17083936.0
Lucknow,17051518.0
Kochi,16313147.0
Vadodara,15148651.0
Mangaluru,14114804.0
