year,month,net_revenue,target_revenue,attainment_pct
2023,1,42419704.0,43600000,97.3
2023,2,37963392.0,39300000,96.6
2023,3,50617494.0,55000000,92.0
2023,4,48469812.0,46550000,104.1
2023,5,45245416.0,48900000,92.5
2023,6,27383210.0,29000000,94.4
2023,7,21276591.0,23150000,91.9
2023,8,38764137.0,38400000,100.9
2023,9,61217733.0,60200000,101.7
2023,10,99551462.0,96750000,102.9
2023,11,89299427.0,89400000,99.9
2023,12,51624730.0,51100000,101.0
2024,1,64063515.0,59250000,108.1
2024,2,58632364.0,56100000,104.5
2024,3,78193384.0,76700000,101.9
2024,4,72534870.0,70850000,102.4
2024,5,66888390.0,69200000,96.7
2024,6,39531504.0,42100000,93.9
2024,7,30515644.0,34000000,89.8
2024,8,57166214.0,60050000,95.2
2024,9,87548908.0,91250000,95.9
2024,10,147221566.0,139600000,105.5
2024,11,127896564.0,123500000,103.6
2024,12,72822552.0,72950000,99.8
2025,1,85195520.0,77350000,110.1
2025,2,78582579.0,70000000,112.3
2025,3,101009066.0,108050000,93.5
2025,4,95194709.0,96900000,98.2
2025,5,87249568.0,85900000,101.6
2025,6,51972483.0,50400000,103.1
2025,7,40028093.0,36500000,109.7
2025,8,71835346.0,76050000,94.5
2025,9,111701479.0,118300000,94.4
2025,10,180620103.0,196150000,92.1
2025,11,155985902.0,158950000,98.1
2025,12,87266804.0,92400000,94.4
