city,region
Mumbai,West
Pune,West
Ahmedabad,West
Surat,West
Nashik,West
Nagpur,West
Indore,West
Goa,West
Vadodara,West
Rajkot,West
Thane,West
Aurangabad,West
Bengaluru,South
Chennai,South
Hyderabad,South
Kochi,South
Coimbatore,South
Mysuru,South
Visakhapatnam,South
Madurai,South
Mangaluru,South
Thiruvananthapuram,South
Delhi,North
Jaipur,North
Lucknow,North
Chandigarh,North
Udaipur,North
Kanpur,North
Ludhiana,North
Dehradun,North
Agra,North
Noida,North
Gurugram,North
Kolkata,East
Bhubaneswar,East
Patna,East
Guwahati,East
Ranchi,East
Raipur,East
