target_month,target_revenue
2023-01-01,43600000
2023-02-01,39300000
2023-03-01,55000000
2023-04-01,46550000
2023-05-01,48900000
2023-06-01,29000000
2023-07-01,23150000
2023-08-01,38400000
2023-09-01,60200000
2023-10-01,96750000
2023-11-01,89400000
2023-12-01,51100000
2024-01-01,59250000
2024-02-01,56100000
2024-03-01,76700000
2024-04-01,70850000
2024-05-01,69200000
2024-06-01,42100000
2024-07-01,34000000
2024-08-01,60050000
2024-09-01,91250000
2024-10-01,139600000
2024-11-01,123500000
2024-12-01,72950000
2025-01-01,77350000
2025-02-01,70000000
2025-03-01,108050000
2025-04-01,96900000
2025-05-01,85900000
2025-06-01,50400000
2025-07-01,36500000
2025-08-01,76050000
2025-09-01,118300000
2025-10-01,196150000
2025-11-01,158950000
2025-12-01,92400000
